scenario,seed,simulation_steps,burn_in_fraction,partner_persistence_probability,selection_temperature,rounds_per_pair_per_step,mean_cooperation_after_burn_in,mean_ALLD_after_burn_in,mean_reciprocal_after_burn_in,final_mean_cooperation_rate,final_ALLD_frequency,final_reciprocal_strategy_frequency,final_threshold_success
coop_majority_no_allc,0,5000,0.2,0.9,1.0,3,1.0,0.0,1.0,1.0,0.0,1.0,1
coop_majority_no_allc,1,5000,0.2,0.9,1.0,3,1.0,0.0,1.0,1.0,0.0,1.0,1
coop_majority_no_allc,2,5000,0.2,0.9,1.0,3,1.0,0.0,1.0,1.0,0.0,1.0,1
coop_majority_no_allc,3,5000,0.2,0.9,1.0,3,1.0,0.0,1.0,1.0,0.0,1.0,1
coop_majority_no_allc,4,5000,0.2,0.9,1.0,3,1.0,0.0,1.0,1.0,0.0,1.0,1
coop_majority_no_allc,5,5000,0.2,0.9,1.0,3,0.9999720833333333,1.7500000000000002e-05,0.9999825,1.0,0.0,1.0,1
coop_majority_no_allc,6,5000,0.2,0.9,1.0,3,0.9990970833333334,0.0005425,0.9994575,1.0,0.0,1.0,1
coop_majority_no_allc,7,5000,0.2,0.9,1.0,3,0.9995870833333333,0.00023875,0.99976125,1.0,0.0,1.0,1
coop_majority_no_allc,8,5000,0.2,0.9,1.0,3,0.99999625,2.5e-06,0.9999975,1.0,0.0,1.0,1
coop_majority_no_allc,9,5000,0.2,0.9,1.0,3,1.0,0.0,1.0,1.0,0.0,1.0,1
coop_majority_no_allc,10,5000,0.2,0.9,1.0,3,1.0,0.0,1.0,1.0,0.0,1.0,1
coop_majority_no_allc,11,5000,0.2,0.9,1.0,3,0.9960591666666667,0.0022937499999999998,0.99770625,1.0,0.0,1.0,1
coop_majority_no_allc,12,5000,0.2,0.9,1.0,3,1.0,0.0,1.0,1.0,0.0,1.0,1
coop_majority_no_allc,13,5000,0.2,0.9,1.0,3,0.9994045833333334,0.00034625,0.99965375,1.0,0.0,1.0,1
coop_majority_no_allc,14,5000,0.2,0.9,1.0,3,1.0,0.0,1.0,1.0,0.0,1.0,1
coop_majority_no_allc,15,5000,0.2,0.9,1.0,3,1.0,0.0,1.0,1.0,0.0,1.0,1
coop_majority_no_allc,16,5000,0.2,0.9,1.0,3,1.0,0.0,1.0,1.0,0.0,1.0,1
coop_majority_no_allc,17,5000,0.2,0.9,1.0,3,0.9980854166666666,0.0011575000000000001,0.9988425,1.0,0.0,1.0,1
coop_majority_no_allc,18,5000,0.2,0.9,1.0,3,1.0,0.0,1.0,1.0,0.0,1.0,1
coop_majority_no_allc,19,5000,0.2,0.9,1.0,3,1.0,0.0,1.0,1.0,0.0,1.0,1
coop_majority_no_allc,20,5000,0.2,0.9,1.0,3,1.0,0.0,1.0,1.0,0.0,1.0,1
coop_majority_no_allc,21,5000,0.2,0.9,1.0,3,1.0,0.0,1.0,1.0,0.0,1.0,1
coop_majority_no_allc,22,5000,0.2,0.9,1.0,3,1.0,0.0,1.0,1.0,0.0,1.0,1
coop_majority_no_allc,23,5000,0.2,0.9,1.0,3,1.0,0.0,1.0,1.0,0.0,1.0,1
coop_majority_no_allc,24,5000,0.2,0.9,1.0,3,1.0,0.0,1.0,1.0,0.0,1.0,1
coop_majority_no_allc,25,5000,0.2,0.9,1.0,3,1.0,0.0,1.0,1.0,0.0,1.0,1
coop_majority_no_allc,26,5000,0.2,0.9,1.0,3,1.0,0.0,1.0,1.0,0.0,1.0,1
coop_majority_no_allc,27,5000,0.2,0.9,1.0,3,1.0,0.0,1.0,1.0,0.0,1.0,1
coop_majority_no_allc,28,5000,0.2,0.9,1.0,3,1.0,0.0,1.0,1.0,0.0,1.0,1
coop_majority_no_allc,29,5000,0.2,0.9,1.0,3,1.0,0.0,1.0,1.0,0.0,1.0,1
coop_majority_no_allc,30,5000,0.2,0.9,1.0,3,1.0,0.0,1.0,1.0,0.0,1.0,1
coop_majority_no_allc,31,5000,0.2,0.9,1.0,3,0.9944508333333333,0.003375,0.996625,1.0,0.0,1.0,1
coop_majority_no_allc,32,5000,0.2,0.9,1.0,3,1.0,0.0,1.0,1.0,0.0,1.0,1
coop_majority_no_allc,33,5000,0.2,0.9,1.0,3,1.0,0.0,1.0,1.0,0.0,1.0,1
coop_majority_no_allc,34,5000,0.2,0.9,1.0,3,0.9990520833333333,0.000545,0.999455,1.0,0.0,1.0,1
coop_majority_no_allc,35,5000,0.2,0.9,1.0,3,0.99966125,0.000195,0.999805,1.0,0.0,1.0,1
coop_majority_no_allc,36,5000,0.2,0.9,1.0,3,1.0,0.0,1.0,1.0,0.0,1.0,1
coop_majority_no_allc,37,5000,0.2,0.9,1.0,3,1.0,0.0,1.0,1.0,0.0,1.0,1
coop_majority_no_allc,38,5000,0.2,0.9,1.0,3,0.9936679166666667,0.00357,0.99643,1.0,0.0,1.0,1
coop_majority_no_allc,39,5000,0.2,0.9,1.0,3,1.0,0.0,1.0,1.0,0.0,1.0,1
coop_majority_no_allc,40,5000,0.2,0.9,1.0,3,1.0,0.0,1.0,1.0,0.0,1.0,1
coop_majority_no_allc,41,5000,0.2,0.9,1.0,3,1.0,0.0,1.0,1.0,0.0,1.0,1
coop_majority_no_allc,42,5000,0.2,0.9,1.0,3,1.0,0.0,1.0,1.0,0.0,1.0,1
coop_majority_no_allc,43,5000,0.2,0.9,1.0,3,1.0,0.0,1.0,1.0,0.0,1.0,1
coop_majority_no_allc,44,5000,0.2,0.9,1.0,3,1.0,0.0,1.0,1.0,0.0,1.0,1
coop_majority_no_allc,45,5000,0.2,0.9,1.0,3,1.0,0.0,1.0,1.0,0.0,1.0,1
coop_majority_no_allc,46,5000,0.2,0.9,1.0,3,1.0,0.0,1.0,1.0,0.0,1.0,1
coop_majority_no_allc,47,5000,0.2,0.9,1.0,3,1.0,0.0,1.0,1.0,0.0,1.0,1
coop_majority_no_allc,48,5000,0.2,0.9,1.0,3,1.0,0.0,1.0,1.0,0.0,1.0,1
coop_majority_no_allc,49,5000,0.2,0.9,1.0,3,1.0,0.0,1.0,1.0,0.0,1.0,1
coop_majority_no_allc,50,5000,0.2,0.9,1.0,3,1.0,0.0,1.0,1.0,0.0,1.0,1
coop_majority_no_allc,51,5000,0.2,0.9,1.0,3,1.0,0.0,1.0,1.0,0.0,1.0,1
coop_majority_no_allc,52,5000,0.2,0.9,1.0,3,1.0,0.0,1.0,1.0,0.0,1.0,1
coop_majority_no_allc,53,5000,0.2,0.9,1.0,3,1.0,0.0,1.0,1.0,0.0,1.0,1
coop_majority_no_allc,54,5000,0.2,0.9,1.0,3,1.0,0.0,1.0,1.0,0.0,1.0,1
coop_majority_no_allc,55,5000,0.2,0.9,1.0,3,0.9980333333333333,0.00119875,0.99880125,1.0,0.0,1.0,1
coop_majority_no_allc,56,5000,0.2,0.9,1.0,3,1.0,0.0,1.0,1.0,0.0,1.0,1
coop_majority_no_allc,57,5000,0.2,0.9,1.0,3,1.0,0.0,1.0,1.0,0.0,1.0,1
coop_majority_no_allc,58,5000,0.2,0.9,1.0,3,1.0,0.0,1.0,1.0,0.0,1.0,1
coop_majority_no_allc,59,5000,0.2,0.9,1.0,3,0.999845,8.625e-05,0.99991375,1.0,0.0,1.0,1
coop_majority_no_allc,60,5000,0.2,0.9,1.0,3,1.0,0.0,1.0,1.0,0.0,1.0,1
coop_majority_no_allc,61,5000,0.2,0.9,1.0,3,1.0,0.0,1.0,1.0,0.0,1.0,1
coop_majority_no_allc,62,5000,0.2,0.9,1.0,3,1.0,0.0,1.0,1.0,0.0,1.0,1
coop_majority_no_allc,63,5000,0.2,0.9,1.0,3,1.0,0.0,1.0,1.0,0.0,1.0,1
coop_majority_no_allc,64,5000,0.2,0.9,1.0,3,1.0,0.0,1.0,1.0,0.0,1.0,1
coop_majority_no_allc,65,5000,0.2,0.9,1.0,3,1.0,0.0,1.0,1.0,0.0,1.0,1
coop_majority_no_allc,66,5000,0.2,0.9,1.0,3,0.9986633333333333,0.0007062500000000001,0.99929375,1.0,0.0,1.0,1
coop_majority_no_allc,67,5000,0.2,0.9,1.0,3,0.9983158333333333,0.00099625,0.99900375,1.0,0.0,1.0,1
coop_majority_no_allc,68,5000,0.2,0.9,1.0,3,1.0,0.0,1.0,1.0,0.0,1.0,1
coop_majority_no_allc,69,5000,0.2,0.9,1.0,3,1.0,0.0,1.0,1.0,0.0,1.0,1
coop_majority_no_allc,70,5000,0.2,0.9,1.0,3,1.0,0.0,1.0,1.0,0.0,1.0,1
coop_majority_no_allc,71,5000,0.2,0.9,1.0,3,0.9982133333333333,0.0009775,0.9990225,1.0,0.0,1.0,1
coop_majority_no_allc,72,5000,0.2,0.9,1.0,3,1.0,0.0,1.0,1.0,0.0,1.0,1
coop_majority_no_allc,73,5000,0.2,0.9,1.0,3,1.0,0.0,1.0,1.0,0.0,1.0,1
coop_majority_no_allc,74,5000,0.2,0.9,1.0,3,0.9993158333333333,0.00040875,0.99959125,1.0,0.0,1.0,1
coop_majority_no_allc,75,5000,0.2,0.9,1.0,3,1.0,0.0,1.0,1.0,0.0,1.0,1
coop_majority_no_allc,76,5000,0.2,0.9,1.0,3,1.0,0.0,1.0,1.0,0.0,1.0,1
coop_majority_no_allc,77,5000,0.2,0.9,1.0,3,1.0,0.0,1.0,1.0,0.0,1.0,1
coop_majority_no_allc,78,5000,0.2,0.9,1.0,3,1.0,0.0,1.0,1.0,0.0,1.0,1
coop_majority_no_allc,79,5000,0.2,0.9,1.0,3,0.99899875,0.00057375,0.99942625,1.0,0.0,1.0,1
coop_majority_no_allc,80,5000,0.2,0.9,1.0,3,1.0,0.0,1.0,1.0,0.0,1.0,1
coop_majority_no_allc,81,5000,0.2,0.9,1.0,3,0.9992870833333334,0.00038375000000000003,0.99961625,1.0,0.0,1.0,1
coop_majority_no_allc,82,5000,0.2,0.9,1.0,3,0.9991754166666666,0.00048125,0.99951875,1.0,0.0,1.0,1
coop_majority_no_allc,83,5000,0.2,0.9,1.0,3,1.0,0.0,1.0,1.0,0.0,1.0,1
coop_majority_no_allc,84,5000,0.2,0.9,1.0,3,1.0,0.0,1.0,1.0,0.0,1.0,1
coop_majority_no_allc,85,5000,0.2,0.9,1.0,3,1.0,0.0,1.0,1.0,0.0,1.0,1
coop_majority_no_allc,86,5000,0.2,0.9,1.0,3,0.9951670833333334,0.00289,0.99711,1.0,0.0,1.0,1
coop_majority_no_allc,87,5000,0.2,0.9,1.0,3,0.9918470833333334,0.00463875,0.99536125,1.0,0.0,1.0,1
coop_majority_no_allc,88,5000,0.2,0.9,1.0,3,1.0,0.0,1.0,1.0,0.0,1.0,1
coop_majority_no_allc,89,5000,0.2,0.9,1.0,3,0.9990654166666667,0.00055375,0.99944625,1.0,0.0,1.0,1
coop_majority_no_allc,90,5000,0.2,0.9,1.0,3,0.9985845833333333,0.00079125,0.99920875,1.0,0.0,1.0,1
coop_majority_no_allc,91,5000,0.2,0.9,1.0,3,1.0,0.0,1.0,1.0,0.0,1.0,1
coop_majority_no_allc,92,5000,0.2,0.9,1.0,3,1.0,0.0,1.0,1.0,0.0,1.0,1
coop_majority_no_allc,93,5000,0.2,0.9,1.0,3,0.9982845833333334,0.00096125,0.99903875,1.0,0.0,1.0,1
coop_majority_no_allc,94,5000,0.2,0.9,1.0,3,0.9999875,7.5e-06,0.9999925,1.0,0.0,1.0,1
coop_majority_no_allc,95,5000,0.2,0.9,1.0,3,1.0,0.0,1.0,1.0,0.0,1.0,1
coop_majority_no_allc,96,5000,0.2,0.9,1.0,3,0.99770625,0.00142125,0.99857875,1.0,0.0,1.0,1
coop_majority_no_allc,97,5000,0.2,0.9,1.0,3,0.99975875,0.00012875,0.99987125,1.0,0.0,1.0,1
coop_majority_no_allc,98,5000,0.2,0.9,1.0,3,1.0,0.0,1.0,1.0,0.0,1.0,1
coop_majority_no_allc,99,5000,0.2,0.9,1.0,3,1.0,0.0,1.0,1.0,0.0,1.0,1
coop_majority_with_allc,0,5000,0.2,0.9,1.0,3,0.95757625,0.02655,0.92788375,1.0,0.0,1.0,1
coop_majority_with_allc,1,5000,0.2,0.9,1.0,3,0.13026625,0.83661625,0.1234475,0.0,1.0,0.0,0
coop_majority_with_allc,2,5000,0.2,0.9,1.0,3,1.0,0.0,0.87342125,1.0,0.0,0.755,1
coop_majority_with_allc,3,5000,0.2,0.9,1.0,3,0.8483120833333333,0.09511125,0.8238,0.5683333333333334,0.31,0.615,0
coop_majority_with_allc,4,5000,0.2,0.9,1.0,3,1.0,0.0,0.97576875,1.0,0.0,1.0,1
coop_majority_with_allc,5,5000,0.2,0.9,1.0,3,0.8496879166666667,0.09523125,0.82465625,0.43666666666666665,0.41,0.54,0
coop_majority_with_allc,6,5000,0.2,0.9,1.0,3,0.9999045833333333,6e-05,0.99994,1.0,0.0,1.0,1
coop_majority_with_allc,7,5000,0.2,0.9,1.0,3,0.13326958333333333,0.831905,0.14234625,0.0,1.0,0.0,0
coop_majority_with_allc,8,5000,0.2,0.9,1.0,3,1.0,0.0,0.9991925,1.0,0.0,1.0,1
coop_majority_with_allc,9,5000,0.2,0.9,1.0,3,0.9919295833333334,0.0047525,0.92801125,1.0,0.0,0.96,1
coop_majority_with_allc,10,5000,0.2,0.9,1.0,3,1.0,0.0,1.0,1.0,0.0,1.0,1
coop_majority_with_allc,11,5000,0.2,0.9,1.0,3,0.46270083333333334,0.445805,0.47660375,0.005,0.97,0.03,0
coop_majority_with_allc,12,5000,0.2,0.9,1.0,3,0.9495258333333333,0.02952375,0.96321375,1.0,0.0,1.0,1
coop_majority_with_allc,13,5000,0.2,0.9,1.0,3,1.0,0.0,0.9990225,1.0,0.0,1.0,1
coop_majority_with_allc,14,5000,0.2,0.9,1.0,3,0.92011375,0.05024,0.94709125,1.0,0.0,1.0,1
coop_majority_with_allc,15,5000,0.2,0.9,1.0,3,0.5212970833333334,0.38536125,0.57845125,0.9916666666666667,0.005,0.995,1
coop_majority_with_allc,16,5000,0.2,0.9,1.0,3,0.5559316666666667,0.3533225,0.61593625,1.0,0.0,1.0,1
coop_majority_with_allc,17,5000,0.2,0.9,1.0,3,0.99952125,0.000275,0.99972,1.0,0.0,1.0,1
coop_majority_with_allc,18,5000,0.2,0.9,1.0,3,0.5720583333333333,0.34511125,0.6359075,0.99,0.005,0.995,1
coop_majority_with_allc,19,5000,0.2,0.9,1.0,3,0.9976604166666667,0.00137375,0.97894125,1.0,0.0,1.0,1
coop_majority_with_allc,20,5000,0.2,0.9,1.0,3,0.9935270833333333,0.0035875,0.9964125,1.0,0.0,1.0,1
coop_majority_with_allc,21,5000,0.2,0.9,1.0,3,0.8778483333333333,0.078945,0.89711125,1.0,0.0,1.0,1
coop_majority_with_allc,22,5000,0.2,0.9,1.0,3,0.99073,0.00543,0.991595,1.0,0.0,1.0,1
coop_majority_with_allc,23,5000,0.2,0.9,1.0,3,0.9999345833333333,3.5000000000000004e-05,0.86460875,1.0,0.0,0.86,1
coop_majority_with_allc,24,5000,0.2,0.9,1.0,3,0.9993691666666666,0.00035,0.9915725,1.0,0.0,1.0,1
coop_majority_with_allc,25,5000,0.2,0.9,1.0,3,0.9815404166666667,0.011255,0.98416875,1.0,0.0,1.0,1
coop_majority_with_allc,26,5000,0.2,0.9,1.0,3,0.9952979166666667,0.0027325,0.9972675,1.0,0.0,1.0,1
coop_majority_with_allc,27,5000,0.2,0.9,1.0,3,0.996885,0.00182,0.9947375,1.0,0.0,1.0,1
coop_majority_with_allc,28,5000,0.2,0.9,1.0,3,1.0,0.0,0.99502125,1.0,0.0,1.0,1
coop_majority_with_allc,29,5000,0.2,0.9,1.0,3,0.033341666666666665,0.94248875,0.0449875,0.0,1.0,0.0,0
coop_majority_with_allc,30,5000,0.2,0.9,1.0,3,0.99799625,0.00111625,0.99888375,1.0,0.0,1.0,1
coop_majority_with_allc,31,5000,0.2,0.9,1.0,3,0.08715083333333333,0.86964,0.1165225,0.0,1.0,0.0,0
coop_majority_with_allc,32,5000,0.2,0.9,1.0,3,1.0,0.0,0.98278875,1.0,0.0,1.0,1
coop_majority_with_allc,33,5000,0.2,0.9,1.0,3,1.0,0.0,0.99942875,1.0,0.0,1.0,1
coop_majority_with_allc,34,5000,0.2,0.9,1.0,3,0.05333875,0.91077625,0.06678375,0.0,1.0,0.0,0
coop_majority_with_allc,35,5000,0.2,0.9,1.0,3,1.0,0.0,0.9914875,1.0,0.0,1.0,1
coop_majority_with_allc,36,5000,0.2,0.9,1.0,3,1.0,0.0,0.913595,1.0,0.0,0.96,1
coop_majority_with_allc,37,5000,0.2,0.9,1.0,3,1.0,0.0,0.97559125,1.0,0.0,1.0,1
coop_majority_with_allc,38,5000,0.2,0.9,1.0,3,0.27196625,0.6648499999999999,0.30843125,1.0,0.0,1.0,1
coop_majority_with_allc,39,5000,0.2,0.9,1.0,3,0.9986379166666667,0.0007675000000000001,0.99916,1.0,0.0,1.0,1
coop_majority_with_allc,40,5000,0.2,0.9,1.0,3,0.99993,3.7500000000000003e-05,0.9999625,1.0,0.0,1.0,1
coop_majority_with_allc,41,5000,0.2,0.9,1.0,3,1.0,0.0,1.0,1.0,0.0,1.0,1
coop_majority_with_allc,42,5000,0.2,0.9,1.0,3,1.0,0.0,0.89579625,1.0,0.0,0.97,1
coop_majority_with_allc,43,5000,0.2,0.9,1.0,3,0.9547195833333333,0.02758,0.93178375,1.0,0.0,0.905,1
coop_majority_with_allc,44,5000,0.2,0.9,1.0,3,0.999775,0.00011875,0.86636,1.0,0.0,0.865,1
coop_majority_with_allc,45,5000,0.2,0.9,1.0,3,1.0,0.0,0.739075,1.0,0.0,0.625,1
coop_majority_with_allc,46,5000,0.2,0.9,1.0,3,0.9993670833333334,0.0003675,0.9996325,1.0,0.0,1.0,1
coop_majority_with_allc,47,5000,0.2,0.9,1.0,3,1.0,0.0,0.992845,1.0,0.0,1.0,1
coop_majority_with_allc,48,5000,0.2,0.9,1.0,3,0.7209941666666667,0.1902175,0.77965375,0.9666666666666667,0.02,0.98,1
coop_majority_with_allc,49,5000,0.2,0.9,1.0,3,0.9732708333333333,0.015651250000000002,0.98122125,1.0,0.0,1.0,1
coop_majority_with_allc,50,5000,0.2,0.9,1.0,3,0.39591,0.55050375,0.39627625,0.0,1.0,0.0,0
coop_majority_with_allc,51,5000,0.2,0.9,1.0,3,1.0,0.0,0.9947925,1.0,0.0,1.0,1
coop_majority_with_allc,52,5000,0.2,0.9,1.0,3,0.9891175,0.00617,0.9866975,1.0,0.0,1.0,1
coop_majority_with_allc,53,5000,0.2,0.9,1.0,3,1.0,0.0,0.9632075,1.0,0.0,1.0,1
coop_majority_with_allc,54,5000,0.2,0.9,1.0,3,0.5587325,0.34377125,0.62881375,1.0,0.0,1.0,1
coop_majority_with_allc,55,5000,0.2,0.9,1.0,3,0.9881825,0.00695375,0.94807375,1.0,0.0,1.0,1
coop_majority_with_allc,56,5000,0.2,0.9,1.0,3,0.99899625,0.0005775,0.86074125,1.0,0.0,0.74,1
coop_majority_with_allc,57,5000,0.2,0.9,1.0,3,0.989285,0.0061925,0.99236125,1.0,0.0,1.0,1
coop_majority_with_allc,58,5000,0.2,0.9,1.0,3,0.92009375,0.0494375,0.92449625,1.0,0.0,1.0,1
coop_majority_with_allc,59,5000,0.2,0.9,1.0,3,0.43186541666666667,0.45329625,0.48417625,0.015,0.97,0.02,0
coop_majority_with_allc,60,5000,0.2,0.9,1.0,3,0.9998554166666667,9e-05,0.99937375,1.0,0.0,1.0,1
coop_majority_with_allc,61,5000,0.2,0.9,1.0,3,0.20135916666666667,0.765765,0.19338,0.0,1.0,0.0,0
coop_majority_with_allc,62,5000,0.2,0.9,1.0,3,1.0,0.0,0.99443125,1.0,0.0,1.0,1
coop_majority_with_allc,63,5000,0.2,0.9,1.0,3,0.99944125,0.0003025,0.91809875,1.0,0.0,0.98,1
coop_majority_with_allc,64,5000,0.2,0.9,1.0,3,1.0,0.0,0.9502475,1.0,0.0,0.995,1
coop_majority_with_allc,65,5000,0.2,0.9,1.0,3,0.99936625,0.0003725,0.99865125,1.0,0.0,1.0,1
coop_majority_with_allc,66,5000,0.2,0.9,1.0,3,0.9810279166666667,0.01116875,0.9833,1.0,0.0,1.0,1
coop_majority_with_allc,67,5000,0.2,0.9,1.0,3,0.99965125,0.000215,0.999785,1.0,0.0,1.0,1
coop_majority_with_allc,68,5000,0.2,0.9,1.0,3,1.0,0.0,0.99999125,1.0,0.0,1.0,1
coop_majority_with_allc,69,5000,0.2,0.9,1.0,3,0.9998470833333334,9.25e-05,0.9992712499999999,1.0,0.0,1.0,1
coop_majority_with_allc,70,5000,0.2,0.9,1.0,3,0.99989875,5.25e-05,0.9991187499999999,1.0,0.0,1.0,1
coop_majority_with_allc,71,5000,0.2,0.9,1.0,3,0.97802125,0.01311,0.952225,1.0,0.0,1.0,1
coop_majority_with_allc,72,5000,0.2,0.9,1.0,3,1.0,0.0,1.0,1.0,0.0,1.0,1
coop_majority_with_allc,73,5000,0.2,0.9,1.0,3,0.9577545833333333,0.02567625,0.9670575,1.0,0.0,1.0,1
coop_majority_with_allc,74,5000,0.2,0.9,1.0,3,0.061735,0.92134375,0.05236,0.0,1.0,0.0,0
coop_majority_with_allc,75,5000,0.2,0.9,1.0,3,0.99506125,0.002855,0.97039625,1.0,0.0,1.0,1
coop_majority_with_allc,76,5000,0.2,0.9,1.0,3,1.0,0.0,0.971915,1.0,0.0,1.0,1
coop_majority_with_allc,77,5000,0.2,0.9,1.0,3,0.9970095833333333,0.00168625,0.99796125,1.0,0.0,1.0,1
coop_majority_with_allc,78,5000,0.2,0.9,1.0,3,0.9995404166666667,0.00026875,0.98374,1.0,0.0,1.0,1
coop_majority_with_allc,79,5000,0.2,0.9,1.0,3,1.0,0.0,0.99957375,1.0,0.0,1.0,1
coop_majority_with_allc,80,5000,0.2,0.9,1.0,3,1.0,0.0,0.9902875,1.0,0.0,1.0,1
coop_majority_with_allc,81,5000,0.2,0.9,1.0,3,1.0,0.0,0.99876125,1.0,0.0,1.0,1
coop_majority_with_allc,82,5000,0.2,0.9,1.0,3,1.0,0.0,1.0,1.0,0.0,1.0,1
coop_majority_with_allc,83,5000,0.2,0.9,1.0,3,0.98977625,0.00575875,0.9914875,1.0,0.0,1.0,1
coop_majority_with_allc,84,5000,0.2,0.9,1.0,3,1.0,0.0,1.0,1.0,0.0,1.0,1
coop_majority_with_allc,85,5000,0.2,0.9,1.0,3,0.3074970833333333,0.6328775,0.3238975,0.005,0.995,0.0,0
coop_majority_with_allc,86,5000,0.2,0.9,1.0,3,0.9991895833333333,0.000455,0.99943625,1.0,0.0,1.0,1
coop_majority_with_allc,87,5000,0.2,0.9,1.0,3,0.9961766666666667,0.0022075,0.99362875,1.0,0.0,1.0,1
coop_majority_with_allc,88,5000,0.2,0.9,1.0,3,0.9701508333333333,0.0179875,0.90604,1.0,0.0,0.935,1
coop_majority_with_allc,89,5000,0.2,0.9,1.0,3,1.0,0.0,0.99952625,1.0,0.0,1.0,1
coop_majority_with_allc,90,5000,0.2,0.9,1.0,3,1.0,0.0,0.95402375,1.0,0.0,0.925,1
coop_majority_with_allc,91,5000,0.2,0.9,1.0,3,0.9999154166666666,5e-05,0.99995,1.0,0.0,1.0,1
coop_majority_with_allc,92,5000,0.2,0.9,1.0,3,1.0,0.0,0.98081,1.0,0.0,1.0,1
coop_majority_with_allc,93,5000,0.2,0.9,1.0,3,0.9977066666666666,0.001335,0.9948275,1.0,0.0,1.0,1
coop_majority_with_allc,94,5000,0.2,0.9,1.0,3,1.0,0.0,0.89383875,1.0,0.0,0.965,1
coop_majority_with_allc,95,5000,0.2,0.9,1.0,3,0.5674216666666667,0.36284375,0.57246,0.05,0.91,0.06,0
coop_majority_with_allc,96,5000,0.2,0.9,1.0,3,0.9910191666666667,0.00560625,0.9879375,1.0,0.0,1.0,1
coop_majority_with_allc,97,5000,0.2,0.9,1.0,3,0.99648125,0.00198625,0.99545375,1.0,0.0,1.0,1
coop_majority_with_allc,98,5000,0.2,0.9,1.0,3,0.028189583333333334,0.955415,0.02947625,0.0,1.0,0.0,0
coop_majority_with_allc,99,5000,0.2,0.9,1.0,3,0.9999025,5.25e-05,0.9999475,1.0,0.0,1.0,1
alld_majority,0,5000,0.2,0.9,1.0,3,0.00100625,0.99654125,0.00330125,0.0,1.0,0.0,0
alld_majority,1,5000,0.2,0.9,1.0,3,0.6939683333333333,0.21386,0.7691,1.0,0.0,0.995,1
alld_majority,2,5000,0.2,0.9,1.0,3,0.7518983333333333,0.15995625,0.808085,1.0,0.0,0.98,1
alld_majority,3,5000,0.2,0.9,1.0,3,0.9867595833333334,0.00748375,0.99251625,1.0,0.0,1.0,1
alld_majority,4,5000,0.2,0.9,1.0,3,0.9456941666666666,0.03199,0.96801,1.0,0.0,1.0,1
alld_majority,5,5000,0.2,0.9,1.0,3,0.009287916666666667,0.97619375,0.02069,0.0,1.0,0.0,0
alld_majority,6,5000,0.2,0.9,1.0,3,0.005177083333333333,0.986745,0.01064875,0.0,1.0,0.0,0
alld_majority,7,5000,0.2,0.9,1.0,3,0.5961791666666667,0.34099,0.65222375,1.0,0.0,1.0,1
alld_majority,8,5000,0.2,0.9,1.0,3,0.9624941666666667,0.021978750000000002,0.97680625,1.0,0.0,1.0,1
alld_majority,9,5000,0.2,0.9,1.0,3,0.8888954166666667,0.07911125,0.92088875,1.0,0.0,1.0,1
alld_majority,10,5000,0.2,0.9,1.0,3,0.00315125,0.99658375,0.0005725,0.0,1.0,0.0,0
alld_majority,11,5000,0.2,0.9,1.0,3,0.025132500000000002,0.94902625,0.0497675,0.0,1.0,0.0,0
alld_majority,12,5000,0.2,0.9,1.0,3,0.0012766666666666666,0.99531375,0.00459125,0.0,1.0,0.0,0
alld_majority,13,5000,0.2,0.9,1.0,3,0.7005116666666666,0.26103875,0.7374775,1.0,0.0,1.0,1
alld_majority,14,5000,0.2,0.9,1.0,3,0.9660645833333333,0.01997625,0.98002375,1.0,0.0,1.0,1
alld_majority,15,5000,0.2,0.9,1.0,3,0.008399583333333334,0.98719625,0.00903375,0.0,1.0,0.0,0
alld_majority,16,5000,0.2,0.9,1.0,3,0.98088,0.0105475,0.9894525,1.0,0.0,1.0,1
alld_majority,17,5000,0.2,0.9,1.0,3,0.94045625,0.03558875,0.9643725,1.0,0.0,1.0,1
alld_majority,18,5000,0.2,0.9,1.0,3,0.8716975,0.09188875,0.90810125,1.0,0.0,1.0,1
alld_majority,19,5000,0.2,0.9,1.0,3,0.38636166666666666,0.528185,0.47113875,0.9816666666666667,0.01,0.99,1
alld_majority,20,5000,0.2,0.9,1.0,3,0.9149520833333333,0.0574625,0.9425375,1.0,0.0,1.0,1
alld_majority,21,5000,0.2,0.9,1.0,3,0.8415783333333333,0.1259225,0.87376375,1.0,0.0,1.0,1
alld_majority,22,5000,0.2,0.9,1.0,3,0.23933166666666666,0.63883625,0.33453625,0.705,0.21,0.79,1
alld_majority,23,5000,0.2,0.9,1.0,3,0.41483375,0.42779375,0.5308325,0.38666666666666666,0.42,0.555,0
alld_majority,24,5000,0.2,0.9,1.0,3,0.9560929166666666,0.02621375,0.97347625,1.0,0.0,1.0,1
alld_majority,25,5000,0.2,0.9,1.0,3,0.9388854166666667,0.0372025,0.9615725,1.0,0.0,1.0,1
alld_majority,26,5000,0.2,0.9,1.0,3,0.41926291666666665,0.49024125,0.50023375,1.0,0.0,1.0,1
alld_majority,27,5000,0.2,0.9,1.0,3,0.00281125,0.99237125,0.0051075,0.0,1.0,0.0,0
alld_majority,28,5000,0.2,0.9,1.0,3,0.031143333333333332,0.938475,0.051945,0.0,1.0,0.0,0
alld_majority,29,5000,0.2,0.9,1.0,3,0.00039125,0.99905,0.00093875,0.0,1.0,0.0,0
alld_majority,30,5000,0.2,0.9,1.0,3,0.9197633333333334,0.0510475,0.9489525,1.0,0.0,1.0,1
alld_majority,31,5000,0.2,0.9,1.0,3,0.38471458333333336,0.52972125,0.47010125,0.9616666666666667,0.025,0.975,1
alld_majority,32,5000,0.2,0.9,1.0,3,0.8543525,0.10318625000000001,0.89681375,1.0,0.0,1.0,1
alld_majority,33,5000,0.2,0.9,1.0,3,0.010696666666666667,0.97394125,0.0227225,0.0,1.0,0.0,0
alld_majority,34,5000,0.2,0.9,1.0,3,0.9922275,0.00422,0.99578,1.0,0.0,1.0,1
alld_majority,35,5000,0.2,0.9,1.0,3,0.0008920833333333334,0.99671125,0.00328875,0.0,1.0,0.0,0
alld_majority,36,5000,0.2,0.9,1.0,3,1.125e-05,0.99975375,0.00024625,0.0,1.0,0.0,0
alld_majority,37,5000,0.2,0.9,1.0,3,0.03938666666666667,0.930085,0.055135,0.0,1.0,0.0,0
alld_majority,38,5000,0.2,0.9,1.0,3,0.8565770833333334,0.09794125000000001,0.90205875,1.0,0.0,1.0,1
alld_majority,39,5000,0.2,0.9,1.0,3,0.0020766666666666668,0.99735125,0.00079375,0.0,1.0,0.0,0
alld_majority,40,5000,0.2,0.9,1.0,3,0.9916108333333333,0.00497375,0.99502625,1.0,0.0,1.0,1
alld_majority,41,5000,0.2,0.9,1.0,3,0.9800720833333333,0.01157625,0.98842375,1.0,0.0,1.0,1
alld_majority,42,5000,0.2,0.9,1.0,3,0.9797858333333334,0.01154375,0.98845625,1.0,0.0,1.0,1
alld_majority,43,5000,0.2,0.9,1.0,3,0.8742508333333333,0.08970500000000001,0.910295,1.0,0.0,1.0,1
alld_majority,44,5000,0.2,0.9,1.0,3,0.92974875,0.04214375,0.95735125,1.0,0.0,1.0,1
alld_majority,45,5000,0.2,0.9,1.0,3,0.9032941666666666,0.06370625,0.93629375,1.0,0.0,1.0,1
alld_majority,46,5000,0.2,0.9,1.0,3,0.0009816666666666667,0.9978775,0.0012975,0.0,1.0,0.0,0
alld_majority,47,5000,0.2,0.9,1.0,3,0.0012441666666666666,0.995655,0.0033675,0.0,1.0,0.0,0
alld_majority,48,5000,0.2,0.9,1.0,3,0.9851766666666667,0.00840375,0.99159625,1.0,0.0,1.0,1
alld_majority,49,5000,0.2,0.9,1.0,3,0.6572808333333333,0.26986,0.7299375,0.99,0.005,0.995,1
alld_majority,50,5000,0.2,0.9,1.0,3,0.006680416666666667,0.98468625,0.01303,0.0,1.0,0.0,0
alld_majority,51,5000,0.2,0.9,1.0,3,0.8668958333333333,0.08864,0.91136,0.9766666666666667,0.02,0.98,1
alld_majority,52,5000,0.2,0.9,1.0,3,0.008673333333333333,0.98337375,0.011353750000000001,0.0,1.0,0.0,0
alld_majority,53,5000,0.2,0.9,1.0,3,0.9170895833333333,0.05389875,0.9445975,1.0,0.0,1.0,1
alld_majority,54,5000,0.2,0.9,1.0,3,0.7583416666666667,0.19036625,0.80890125,1.0,0.0,1.0,1
alld_majority,55,5000,0.2,0.9,1.0,3,0.97087875,0.0169875,0.9830125,1.0,0.0,1.0,1
alld_majority,56,5000,0.2,0.9,1.0,3,0.9925895833333334,0.0041025,0.9958975,1.0,0.0,1.0,1
alld_majority,57,5000,0.2,0.9,1.0,3,0.12157041666666667,0.7748975,0.2053975,0.7916666666666666,0.115,0.885,1
alld_majority,58,5000,0.2,0.9,1.0,3,0.015713333333333333,0.96194125,0.031265,0.0,1.0,0.0,0
alld_majority,59,5000,0.2,0.9,1.0,3,0.1008625,0.83864125,0.1612975,0.7166666666666667,0.18,0.82,1
alld_majority,60,5000,0.2,0.9,1.0,3,0.9492908333333333,0.03297,0.96703,1.0,0.0,1.0,1
alld_majority,61,5000,0.2,0.9,1.0,3,0.2212625,0.67236375,0.32138875,0.535,0.33,0.67,0
alld_majority,62,5000,0.2,0.9,1.0,3,0.992795,0.00406625,0.99593375,1.0,0.0,1.0,1
alld_majority,63,5000,0.2,0.9,1.0,3,0.5548620833333333,0.37252625,0.6273025,0.9183333333333333,0.055,0.945,1
alld_majority,64,5000,0.2,0.9,1.0,3,4.4166666666666665e-05,0.9997925,0.00017625,0.0,1.0,0.0,0
alld_majority,65,5000,0.2,0.9,1.0,3,0.7856170833333334,0.1718425,0.82775375,1.0,0.0,1.0,1
alld_majority,66,5000,0.2,0.9,1.0,3,0.009775416666666667,0.973735,0.02347125,0.0,1.0,0.0,0
alld_majority,67,5000,0.2,0.9,1.0,3,0.8070483333333334,0.15502125,0.84490375,1.0,0.0,1.0,1
alld_majority,68,5000,0.2,0.9,1.0,3,0.9340091666666667,0.0405625,0.95573375,1.0,0.0,1.0,1
alld_majority,69,5000,0.2,0.9,1.0,3,0.0010425,0.9952475,0.0047525,0.0,1.0,0.0,0
alld_majority,70,5000,0.2,0.9,1.0,3,0.0029895833333333332,0.9898312499999999,0.009121250000000001,0.0,1.0,0.0,0
alld_majority,71,5000,0.2,0.9,1.0,3,0.6527895833333334,0.30498,0.69192375,1.0,0.0,1.0,1
alld_majority,72,5000,0.2,0.9,1.0,3,0.7753966666666666,0.18076875,0.81923125,1.0,0.0,1.0,1
alld_majority,73,5000,0.2,0.9,1.0,3,0.0024525,0.9961175,0.00171125,0.0,1.0,0.0,0
alld_majority,74,5000,0.2,0.9,1.0,3,0.5629933333333333,0.37321,0.62502125,1.0,0.0,1.0,1
alld_majority,75,5000,0.2,0.9,1.0,3,0.013739166666666667,0.96883125,0.03031125,0.0,1.0,0.0,0
alld_majority,76,5000,0.2,0.9,1.0,3,0.6562683333333333,0.223295,0.7081825,0.765,0.14,0.81,1
alld_majority,77,5000,0.2,0.9,1.0,3,0.005586666666666667,0.9893675,0.0083475,0.0,1.0,0.0,0
alld_majority,78,5000,0.2,0.9,1.0,3,0.9690191666666667,0.01801875,0.98198125,1.0,0.0,1.0,1
alld_majority,79,5000,0.2,0.9,1.0,3,0.00198125,0.99588375,0.00321375,0.0,1.0,0.0,0
alld_majority,80,5000,0.2,0.9,1.0,3,0.7975033333333333,0.15196625,0.84803375,1.0,0.0,1.0,1
alld_majority,81,5000,0.2,0.9,1.0,3,0.9697941666666666,0.018211250000000002,0.98178875,1.0,0.0,1.0,1
alld_majority,82,5000,0.2,0.9,1.0,3,0.50142375,0.35312125,0.60549,0.375,0.455,0.51,0
alld_majority,83,5000,0.2,0.9,1.0,3,0.6977029166666666,0.25512250000000003,0.7448775,1.0,0.0,1.0,1
alld_majority,84,5000,0.2,0.9,1.0,3,0.6695933333333334,0.265925,0.73181625,1.0,0.0,1.0,1
alld_majority,85,5000,0.2,0.9,1.0,3,0.7939866666666666,0.16245125,0.83496125,1.0,0.0,1.0,1
alld_majority,86,5000,0.2,0.9,1.0,3,0.27999583333333333,0.64717125,0.340565,1.0,0.0,1.0,1
alld_majority,87,5000,0.2,0.9,1.0,3,0.7669929166666667,0.16932125,0.8234575,1.0,0.0,1.0,1
alld_majority,88,5000,0.2,0.9,1.0,3,0.01031625,0.97076125,0.02437125,0.0,1.0,0.0,0
alld_majority,89,5000,0.2,0.9,1.0,3,0.6875375,0.23941125,0.76017125,0.985,0.01,0.99,1
alld_majority,90,5000,0.2,0.9,1.0,3,0.6399170833333333,0.30933499999999997,0.6902675,1.0,0.0,1.0,1
alld_majority,91,5000,0.2,0.9,1.0,3,0.69942125,0.24156625,0.7572,1.0,0.0,1.0,1
alld_majority,92,5000,0.2,0.9,1.0,3,0.0008575000000000001,0.99211625,0.00783875,0.0,1.0,0.0,0
alld_majority,93,5000,0.2,0.9,1.0,3,0.005910833333333333,0.98390625,0.01321375,0.0,1.0,0.0,0
alld_majority,94,5000,0.2,0.9,1.0,3,0.002511666666666667,0.9970675,0.000655,0.0,1.0,0.0,0
alld_majority,95,5000,0.2,0.9,1.0,3,0.7733187499999999,0.1816075,0.81716375,1.0,0.0,1.0,1
alld_majority,96,5000,0.2,0.9,1.0,3,0.8933195833333334,0.06802875,0.93197125,1.0,0.0,1.0,1
alld_majority,97,5000,0.2,0.9,1.0,3,0.8725658333333334,0.08007625,0.90975125,1.0,0.0,1.0,1
alld_majority,98,5000,0.2,0.9,1.0,3,0.0006391666666666667,0.9977275,0.0022725,0.0,1.0,0.0,0
alld_majority,99,5000,0.2,0.9,1.0,3,0.34233583333333334,0.48749125,0.47326125,0.8716666666666667,0.075,0.92,1
small_reciprocal_foothold,0,5000,0.2,0.9,1.0,3,0.83610875,0.13094,0.8690599999999999,1.0,0.0,1.0,1
small_reciprocal_foothold,1,5000,0.2,0.9,1.0,3,0.92557125,0.04746125,0.95253875,1.0,0.0,1.0,1
small_reciprocal_foothold,2,5000,0.2,0.9,1.0,3,0.95449625,0.0270575,0.9729425,1.0,0.0,1.0,1
small_reciprocal_foothold,3,5000,0.2,0.9,1.0,3,0.0,1.0,0.0,0.0,1.0,0.0,0
small_reciprocal_foothold,4,5000,0.2,0.9,1.0,3,0.00040083333333333334,0.999215,0.000785,0.0,1.0,0.0,0
small_reciprocal_foothold,5,5000,0.2,0.9,1.0,3,0.009714583333333334,0.97964,0.02036,0.0,1.0,0.0,0
small_reciprocal_foothold,6,5000,0.2,0.9,1.0,3,0.8920541666666667,0.07136375,0.92863625,1.0,0.0,1.0,1
small_reciprocal_foothold,7,5000,0.2,0.9,1.0,3,0.00120125,0.9940475,0.0059525,0.0,1.0,0.0,0
small_reciprocal_foothold,8,5000,0.2,0.9,1.0,3,0.9934875,0.00334,0.99666,1.0,0.0,1.0,1
small_reciprocal_foothold,9,5000,0.2,0.9,1.0,3,0.9804445833333333,0.01154375,0.98845625,1.0,0.0,1.0,1
small_reciprocal_foothold,10,5000,0.2,0.9,1.0,3,0.39280583333333335,0.52385,0.47615,0.985,0.01,0.99,1
small_reciprocal_foothold,11,5000,0.2,0.9,1.0,3,0.0,1.0,0.0,0.0,1.0,0.0,0
small_reciprocal_foothold,12,5000,0.2,0.9,1.0,3,0.9665425,0.01886375,0.98113625,1.0,0.0,1.0,1
small_reciprocal_foothold,13,5000,0.2,0.9,1.0,3,0.00022875,0.999175,0.000825,0.0,1.0,0.0,0
small_reciprocal_foothold,14,5000,0.2,0.9,1.0,3,0.98178625,0.01003125,0.98996875,1.0,0.0,1.0,1
small_reciprocal_foothold,15,5000,0.2,0.9,1.0,3,0.0,1.0,0.0,0.0,1.0,0.0,0
small_reciprocal_foothold,16,5000,0.2,0.9,1.0,3,0.9757675,0.01378125,0.98621875,1.0,0.0,1.0,1
small_reciprocal_foothold,17,5000,0.2,0.9,1.0,3,0.7536658333333334,0.17786625,0.82213375,1.0,0.0,1.0,1
small_reciprocal_foothold,18,5000,0.2,0.9,1.0,3,0.988965,0.00584125,0.99415875,1.0,0.0,1.0,1
small_reciprocal_foothold,19,5000,0.2,0.9,1.0,3,0.00031583333333333333,0.998825,0.001175,0.0,1.0,0.0,0
small_reciprocal_foothold,20,5000,0.2,0.9,1.0,3,0.9926670833333333,0.0040550000000000004,0.995945,1.0,0.0,1.0,1
small_reciprocal_foothold,21,5000,0.2,0.9,1.0,3,0.01222625,0.96898,0.03102,0.0,1.0,0.0,0
small_reciprocal_foothold,22,5000,0.2,0.9,1.0,3,0.9036404166666666,0.06446375,0.93553625,1.0,0.0,1.0,1
small_reciprocal_foothold,23,5000,0.2,0.9,1.0,3,0.0,1.0,0.0,0.0,1.0,0.0,0
small_reciprocal_foothold,24,5000,0.2,0.9,1.0,3,0.9362691666666667,0.0396625,0.9603375,1.0,0.0,1.0,1
small_reciprocal_foothold,25,5000,0.2,0.9,1.0,3,0.9159545833333333,0.054605,0.945395,1.0,0.0,1.0,1
small_reciprocal_foothold,26,5000,0.2,0.9,1.0,3,0.8770116666666666,0.08205375,0.91794625,1.0,0.0,1.0,1
small_reciprocal_foothold,27,5000,0.2,0.9,1.0,3,0.8956883333333333,0.06817625,0.93182375,1.0,0.0,1.0,1
small_reciprocal_foothold,28,5000,0.2,0.9,1.0,3,0.9173991666666667,0.05292375,0.94707625,1.0,0.0,1.0,1
small_reciprocal_foothold,29,5000,0.2,0.9,1.0,3,0.0041758333333333335,0.9897375,0.0102625,0.0,1.0,0.0,0
small_reciprocal_foothold,30,5000,0.2,0.9,1.0,3,0.9747475,0.013825,0.986175,1.0,0.0,1.0,1
small_reciprocal_foothold,31,5000,0.2,0.9,1.0,3,0.9932683333333333,0.0034875,0.9965125,1.0,0.0,1.0,1
small_reciprocal_foothold,32,5000,0.2,0.9,1.0,3,0.9463704166666667,0.03251625,0.96748375,1.0,0.0,1.0,1
small_reciprocal_foothold,33,5000,0.2,0.9,1.0,3,0.927085,0.0429125,0.9570875,1.0,0.0,1.0,1
small_reciprocal_foothold,34,5000,0.2,0.9,1.0,3,0.0,1.0,0.0,0.0,1.0,0.0,0
small_reciprocal_foothold,35,5000,0.2,0.9,1.0,3,0.97104375,0.0167225,0.9832775,1.0,0.0,1.0,1
small_reciprocal_foothold,36,5000,0.2,0.9,1.0,3,0.8780325,0.08934375,0.91065625,1.0,0.0,1.0,1
small_reciprocal_foothold,37,5000,0.2,0.9,1.0,3,0.0,1.0,0.0,0.0,1.0,0.0,0
small_reciprocal_foothold,38,5000,0.2,0.9,1.0,3,0.9311104166666667,0.04117125,0.95882875,1.0,0.0,1.0,1
small_reciprocal_foothold,39,5000,0.2,0.9,1.0,3,0.9911195833333334,0.0046225,0.9953775,1.0,0.0,1.0,1
small_reciprocal_foothold,40,5000,0.2,0.9,1.0,3,0.9302045833333333,0.0448425,0.9551575,1.0,0.0,1.0,1
small_reciprocal_foothold,41,5000,0.2,0.9,1.0,3,0.98885625,0.005895,0.994105,1.0,0.0,1.0,1
small_reciprocal_foothold,42,5000,0.2,0.9,1.0,3,0.7191625,0.22268,0.77732,1.0,0.0,1.0,1
small_reciprocal_foothold,43,5000,0.2,0.9,1.0,3,0.0,1.0,0.0,0.0,1.0,0.0,0
small_reciprocal_foothold,44,5000,0.2,0.9,1.0,3,1.0416666666666668e-05,0.99996875,3.125e-05,0.0,1.0,0.0,0
small_reciprocal_foothold,45,5000,0.2,0.9,1.0,3,0.0019920833333333336,0.99593,0.00407,0.0,1.0,0.0,0
small_reciprocal_foothold,46,5000,0.2,0.9,1.0,3,0.0,1.0,0.0,0.0,1.0,0.0,0
small_reciprocal_foothold,47,5000,0.2,0.9,1.0,3,0.9246791666666667,0.04969,0.95031,1.0,0.0,1.0,1
small_reciprocal_foothold,48,5000,0.2,0.9,1.0,3,0.8765179166666667,0.08309875,0.91690125,1.0,0.0,1.0,1
small_reciprocal_foothold,49,5000,0.2,0.9,1.0,3,0.88709125,0.0766,0.9234,1.0,0.0,1.0,1
small_reciprocal_foothold,50,5000,0.2,0.9,1.0,3,0.0,1.0,0.0,0.0,1.0,0.0,0
small_reciprocal_foothold,51,5000,0.2,0.9,1.0,3,0.0,1.0,0.0,0.0,1.0,0.0,0
small_reciprocal_foothold,52,5000,0.2,0.9,1.0,3,0.8089245833333333,0.14272375,0.85727625,1.0,0.0,1.0,1
small_reciprocal_foothold,53,5000,0.2,0.9,1.0,3,3.2500000000000004e-05,0.999935,6.500000000000001e-05,0.0,1.0,0.0,0
small_reciprocal_foothold,54,5000,0.2,0.9,1.0,3,0.9366625,0.0377375,0.9622625,1.0,0.0,1.0,1
small_reciprocal_foothold,55,5000,0.2,0.9,1.0,3,0.85527625,0.10715125,0.89284875,1.0,0.0,1.0,1
small_reciprocal_foothold,56,5000,0.2,0.9,1.0,3,0.8212916666666666,0.12693375,0.87306625,1.0,0.0,1.0,1
small_reciprocal_foothold,57,5000,0.2,0.9,1.0,3,0.9037608333333333,0.063575,0.936425,1.0,0.0,1.0,1
small_reciprocal_foothold,58,5000,0.2,0.9,1.0,3,0.00044791666666666667,0.9991175,0.0008825,0.0,1.0,0.0,0
small_reciprocal_foothold,59,5000,0.2,0.9,1.0,3,0.9815145833333333,0.01022125,0.98977875,1.0,0.0,1.0,1
small_reciprocal_foothold,60,5000,0.2,0.9,1.0,3,0.64159875,0.28684625,0.71315375,1.0,0.0,1.0,1
small_reciprocal_foothold,61,5000,0.2,0.9,1.0,3,0.9684775,0.01842125,0.9815787499999999,1.0,0.0,1.0,1
small_reciprocal_foothold,62,5000,0.2,0.9,1.0,3,0.9528,0.0267875,0.9732125,1.0,0.0,1.0,1
small_reciprocal_foothold,63,5000,0.2,0.9,1.0,3,0.98867375,0.00585,0.99415,1.0,0.0,1.0,1
small_reciprocal_foothold,64,5000,0.2,0.9,1.0,3,0.0,1.0,0.0,0.0,1.0,0.0,0
small_reciprocal_foothold,65,5000,0.2,0.9,1.0,3,0.9353825,0.04039625,0.95960375,1.0,0.0,1.0,1
small_reciprocal_foothold,66,5000,0.2,0.9,1.0,3,0.9744629166666666,0.01425,0.98575,1.0,0.0,1.0,1
small_reciprocal_foothold,67,5000,0.2,0.9,1.0,3,0.82460375,0.13961625,0.86038375,1.0,0.0,1.0,1
small_reciprocal_foothold,68,5000,0.2,0.9,1.0,3,0.9942545833333334,0.0030387500000000002,0.99696125,1.0,0.0,1.0,1
small_reciprocal_foothold,69,5000,0.2,0.9,1.0,3,0.0002666666666666667,0.99947375,0.00052625,0.0,1.0,0.0,0
small_reciprocal_foothold,70,5000,0.2,0.9,1.0,3,0.9962395833333333,0.00191,0.99809,1.0,0.0,1.0,1
small_reciprocal_foothold,71,5000,0.2,0.9,1.0,3,0.9670958333333334,0.0186175,0.9813825,1.0,0.0,1.0,1
small_reciprocal_foothold,72,5000,0.2,0.9,1.0,3,0.0,1.0,0.0,0.0,1.0,0.0,0
small_reciprocal_foothold,73,5000,0.2,0.9,1.0,3,0.9849645833333334,0.00823,0.99177,1.0,0.0,1.0,1
small_reciprocal_foothold,74,5000,0.2,0.9,1.0,3,0.0,1.0,0.0,0.0,1.0,0.0,0
small_reciprocal_foothold,75,5000,0.2,0.9,1.0,3,0.0,1.0,0.0,0.0,1.0,0.0,0
small_reciprocal_foothold,76,5000,0.2,0.9,1.0,3,0.9649454166666667,0.0202325,0.9797675,1.0,0.0,1.0,1
small_reciprocal_foothold,77,5000,0.2,0.9,1.0,3,1.4166666666666668e-05,0.99957125,0.00042875,0.0,1.0,0.0,0
small_reciprocal_foothold,78,5000,0.2,0.9,1.0,3,0.27675041666666667,0.60951375,0.39048625,0.485,0.385,0.615,0
small_reciprocal_foothold,79,5000,0.2,0.9,1.0,3,0.9232258333333333,0.051355,0.948645,1.0,0.0,1.0,1
small_reciprocal_foothold,80,5000,0.2,0.9,1.0,3,0.9890079166666667,0.0059475,0.9940525,1.0,0.0,1.0,1
small_reciprocal_foothold,81,5000,0.2,0.9,1.0,3,0.9521729166666667,0.0282725,0.9717275,1.0,0.0,1.0,1
small_reciprocal_foothold,82,5000,0.2,0.9,1.0,3,0.8848491666666667,0.07650375,0.92349625,1.0,0.0,1.0,1
small_reciprocal_foothold,83,5000,0.2,0.9,1.0,3,0.00016041666666666667,0.9993725,0.0006275,0.0,1.0,0.0,0
small_reciprocal_foothold,84,5000,0.2,0.9,1.0,3,0.9135345833333334,0.05516125,0.94483875,1.0,0.0,1.0,1
small_reciprocal_foothold,85,5000,0.2,0.9,1.0,3,0.73099,0.230745,0.769255,1.0,0.0,1.0,1
small_reciprocal_foothold,86,5000,0.2,0.9,1.0,3,0.51487875,0.418,0.582,0.9716666666666667,0.015,0.985,1
small_reciprocal_foothold,87,5000,0.2,0.9,1.0,3,0.9815091666666667,0.00982125,0.99017875,1.0,0.0,1.0,1
small_reciprocal_foothold,88,5000,0.2,0.9,1.0,3,0.0005404166666666667,0.99893625,0.00106375,0.0,1.0,0.0,0
small_reciprocal_foothold,89,5000,0.2,0.9,1.0,3,0.9553116666666667,0.02560125,0.97439875,1.0,0.0,1.0,1
small_reciprocal_foothold,90,5000,0.2,0.9,1.0,3,1.0416666666666668e-05,0.9997375,0.0002625,0.0,1.0,0.0,0
small_reciprocal_foothold,91,5000,0.2,0.9,1.0,3,0.0,1.0,0.0,0.0,1.0,0.0,0
small_reciprocal_foothold,92,5000,0.2,0.9,1.0,3,0.0,1.0,0.0,0.0,1.0,0.0,0
small_reciprocal_foothold,93,5000,0.2,0.9,1.0,3,0.0,1.0,0.0,0.0,1.0,0.0,0
small_reciprocal_foothold,94,5000,0.2,0.9,1.0,3,0.8263729166666667,0.1353975,0.8646025,1.0,0.0,1.0,1
small_reciprocal_foothold,95,5000,0.2,0.9,1.0,3,2.625e-05,0.99987125,0.00012875,0.0,1.0,0.0,0
small_reciprocal_foothold,96,5000,0.2,0.9,1.0,3,1.375e-05,0.99960625,0.00039375,0.0,1.0,0.0,0
small_reciprocal_foothold,97,5000,0.2,0.9,1.0,3,0.0,1.0,0.0,0.0,1.0,0.0,0
small_reciprocal_foothold,98,5000,0.2,0.9,1.0,3,0.9883033333333333,0.0066825,0.9933175,1.0,0.0,1.0,1
small_reciprocal_foothold,99,5000,0.2,0.9,1.0,3,0.0,1.0,0.0,0.0,1.0,0.0,0
single_tft_invader,0,5000,0.2,0.9,1.0,3,0.0,1.0,0.0,0.0,1.0,0.0,0
single_tft_invader,1,5000,0.2,0.9,1.0,3,0.0,1.0,0.0,0.0,1.0,0.0,0
single_tft_invader,2,5000,0.2,0.9,1.0,3,0.0,1.0,0.0,0.0,1.0,0.0,0
single_tft_invader,3,5000,0.2,0.9,1.0,3,0.0,1.0,0.0,0.0,1.0,0.0,0
single_tft_invader,4,5000,0.2,0.9,1.0,3,1.3333333333333335e-05,0.999595,0.00040500000000000003,0.0,1.0,0.0,0
single_tft_invader,5,5000,0.2,0.9,1.0,3,0.9548258333333334,0.02652375,0.97347625,1.0,0.0,1.0,1
single_tft_invader,6,5000,0.2,0.9,1.0,3,0.0,1.0,0.0,0.0,1.0,0.0,0
single_tft_invader,7,5000,0.2,0.9,1.0,3,0.0,1.0,0.0,0.0,1.0,0.0,0
single_tft_invader,8,5000,0.2,0.9,1.0,3,0.0,1.0,0.0,0.0,1.0,0.0,0
single_tft_invader,9,5000,0.2,0.9,1.0,3,0.0,1.0,0.0,0.0,1.0,0.0,0
single_tft_invader,10,5000,0.2,0.9,1.0,3,0.0,1.0,0.0,0.0,1.0,0.0,0
single_tft_invader,11,5000,0.2,0.9,1.0,3,0.0,1.0,0.0,0.0,1.0,0.0,0
single_tft_invader,12,5000,0.2,0.9,1.0,3,0.0,1.0,0.0,0.0,1.0,0.0,0
single_tft_invader,13,5000,0.2,0.9,1.0,3,0.98721375,0.0066300000000000005,0.99337,1.0,0.0,1.0,1
single_tft_invader,14,5000,0.2,0.9,1.0,3,0.7636,0.20107125,0.79892875,1.0,0.0,1.0,1
single_tft_invader,15,5000,0.2,0.9,1.0,3,0.0,1.0,0.0,0.0,1.0,0.0,0
single_tft_invader,16,5000,0.2,0.9,1.0,3,0.0,1.0,0.0,0.0,1.0,0.0,0
single_tft_invader,17,5000,0.2,0.9,1.0,3,0.0,1.0,0.0,0.0,1.0,0.0,0
single_tft_invader,18,5000,0.2,0.9,1.0,3,0.0,1.0,0.0,0.0,1.0,0.0,0
single_tft_invader,19,5000,0.2,0.9,1.0,3,0.0,1.0,0.0,0.0,1.0,0.0,0
single_tft_invader,20,5000,0.2,0.9,1.0,3,0.0,1.0,0.0,0.0,1.0,0.0,0
single_tft_invader,21,5000,0.2,0.9,1.0,3,0.0,1.0,0.0,0.0,1.0,0.0,0
single_tft_invader,22,5000,0.2,0.9,1.0,3,0.0,1.0,0.0,0.0,1.0,0.0,0
single_tft_invader,23,5000,0.2,0.9,1.0,3,0.0,1.0,0.0,0.0,1.0,0.0,0
single_tft_invader,24,5000,0.2,0.9,1.0,3,0.8027016666666666,0.16227125,0.83772875,1.0,0.0,1.0,1
single_tft_invader,25,5000,0.2,0.9,1.0,3,0.0,1.0,0.0,0.0,1.0,0.0,0
single_tft_invader,26,5000,0.2,0.9,1.0,3,0.9732929166666666,0.01409875,0.98590125,1.0,0.0,1.0,1
single_tft_invader,27,5000,0.2,0.9,1.0,3,0.0,1.0,0.0,0.0,1.0,0.0,0
single_tft_invader,28,5000,0.2,0.9,1.0,3,0.0,1.0,0.0,0.0,1.0,0.0,0
single_tft_invader,29,5000,0.2,0.9,1.0,3,0.0,1.0,0.0,0.0,1.0,0.0,0
single_tft_invader,30,5000,0.2,0.9,1.0,3,0.0,1.0,0.0,0.0,1.0,0.0,0
single_tft_invader,31,5000,0.2,0.9,1.0,3,0.0,1.0,0.0,0.0,1.0,0.0,0
single_tft_invader,32,5000,0.2,0.9,1.0,3,0.0,1.0,0.0,0.0,1.0,0.0,0
single_tft_invader,33,5000,0.2,0.9,1.0,3,0.0,1.0,0.0,0.0,1.0,0.0,0
single_tft_invader,34,5000,0.2,0.9,1.0,3,0.0,1.0,0.0,0.0,1.0,0.0,0
single_tft_invader,35,5000,0.2,0.9,1.0,3,0.0,1.0,0.0,0.0,1.0,0.0,0
single_tft_invader,36,5000,0.2,0.9,1.0,3,0.0,1.0,0.0,0.0,1.0,0.0,0
single_tft_invader,37,5000,0.2,0.9,1.0,3,0.0,1.0,0.0,0.0,1.0,0.0,0
single_tft_invader,38,5000,0.2,0.9,1.0,3,0.0,1.0,0.0,0.0,1.0,0.0,0
single_tft_invader,39,5000,0.2,0.9,1.0,3,0.0,1.0,0.0,0.0,1.0,0.0,0
single_tft_invader,40,5000,0.2,0.9,1.0,3,0.0,1.0,0.0,0.0,1.0,0.0,0
single_tft_invader,41,5000,0.2,0.9,1.0,3,0.0,1.0,0.0,0.0,1.0,0.0,0
single_tft_invader,42,5000,0.2,0.9,1.0,3,0.0,1.0,0.0,0.0,1.0,0.0,0
single_tft_invader,43,5000,0.2,0.9,1.0,3,0.0,1.0,0.0,0.0,1.0,0.0,0
single_tft_invader,44,5000,0.2,0.9,1.0,3,0.97920125,0.0113875,0.9886125,1.0,0.0,1.0,1
single_tft_invader,45,5000,0.2,0.9,1.0,3,0.7366525,0.22747625,0.77252375,1.0,0.0,1.0,1
single_tft_invader,46,5000,0.2,0.9,1.0,3,0.0,1.0,0.0,0.0,1.0,0.0,0
single_tft_invader,47,5000,0.2,0.9,1.0,3,0.0,1.0,0.0,0.0,1.0,0.0,0
single_tft_invader,48,5000,0.2,0.9,1.0,3,0.0,1.0,0.0,0.0,1.0,0.0,0
single_tft_invader,49,5000,0.2,0.9,1.0,3,0.9683633333333334,0.0179875,0.9820125,1.0,0.0,1.0,1
single_tft_invader,50,5000,0.2,0.9,1.0,3,0.0,1.0,0.0,0.0,1.0,0.0,0
single_tft_invader,51,5000,0.2,0.9,1.0,3,0.0,1.0,0.0,0.0,1.0,0.0,0
single_tft_invader,52,5000,0.2,0.9,1.0,3,0.0,1.0,0.0,0.0,1.0,0.0,0
single_tft_invader,53,5000,0.2,0.9,1.0,3,0.8980820833333333,0.0697875,0.9302125,1.0,0.0,1.0,1
single_tft_invader,54,5000,0.2,0.9,1.0,3,0.0,1.0,0.0,0.0,1.0,0.0,0
single_tft_invader,55,5000,0.2,0.9,1.0,3,0.0,1.0,0.0,0.0,1.0,0.0,0
single_tft_invader,56,5000,0.2,0.9,1.0,3,0.0,1.0,0.0,0.0,1.0,0.0,0
single_tft_invader,57,5000,0.2,0.9,1.0,3,0.0,1.0,0.0,0.0,1.0,0.0,0
single_tft_invader,58,5000,0.2,0.9,1.0,3,0.0,1.0,0.0,0.0,1.0,0.0,0
single_tft_invader,59,5000,0.2,0.9,1.0,3,0.0,1.0,0.0,0.0,1.0,0.0,0
single_tft_invader,60,5000,0.2,0.9,1.0,3,0.0,1.0,0.0,0.0,1.0,0.0,0
single_tft_invader,61,5000,0.2,0.9,1.0,3,0.0,1.0,0.0,0.0,1.0,0.0,0
single_tft_invader,62,5000,0.2,0.9,1.0,3,0.000295,0.9927374999999999,0.0072625,0.0,1.0,0.0,0
single_tft_invader,63,5000,0.2,0.9,1.0,3,0.0,1.0,0.0,0.0,1.0,0.0,0
single_tft_invader,64,5000,0.2,0.9,1.0,3,0.0,1.0,0.0,0.0,1.0,0.0,0
single_tft_invader,65,5000,0.2,0.9,1.0,3,0.0,1.0,0.0,0.0,1.0,0.0,0
single_tft_invader,66,5000,0.2,0.9,1.0,3,0.0,1.0,0.0,0.0,1.0,0.0,0
single_tft_invader,67,5000,0.2,0.9,1.0,3,0.9558420833333333,0.0257275,0.9742725,1.0,0.0,1.0,1
single_tft_invader,68,5000,0.2,0.9,1.0,3,0.75563375,0.20687625,0.79312375,1.0,0.0,1.0,1
single_tft_invader,69,5000,0.2,0.9,1.0,3,0.0,1.0,0.0,0.0,1.0,0.0,0
single_tft_invader,70,5000,0.2,0.9,1.0,3,0.6541891666666667,0.31180625,0.68819375,1.0,0.0,1.0,1
single_tft_invader,71,5000,0.2,0.9,1.0,3,0.0,1.0,0.0,0.0,1.0,0.0,0
single_tft_invader,72,5000,0.2,0.9,1.0,3,0.0,1.0,0.0,0.0,1.0,0.0,0
single_tft_invader,73,5000,0.2,0.9,1.0,3,0.0,1.0,0.0,0.0,1.0,0.0,0
single_tft_invader,74,5000,0.2,0.9,1.0,3,0.0,1.0,0.0,0.0,1.0,0.0,0
single_tft_invader,75,5000,0.2,0.9,1.0,3,0.0,1.0,0.0,0.0,1.0,0.0,0
single_tft_invader,76,5000,0.2,0.9,1.0,3,0.0,1.0,0.0,0.0,1.0,0.0,0
single_tft_invader,77,5000,0.2,0.9,1.0,3,0.0,1.0,0.0,0.0,1.0,0.0,0
single_tft_invader,78,5000,0.2,0.9,1.0,3,0.0,1.0,0.0,0.0,1.0,0.0,0
single_tft_invader,79,5000,0.2,0.9,1.0,3,0.0,1.0,0.0,0.0,1.0,0.0,0
single_tft_invader,80,5000,0.2,0.9,1.0,3,0.0,1.0,0.0,0.0,1.0,0.0,0
single_tft_invader,81,5000,0.2,0.9,1.0,3,0.0,1.0,0.0,0.0,1.0,0.0,0
single_tft_invader,82,5000,0.2,0.9,1.0,3,0.0,1.0,0.0,0.0,1.0,0.0,0
single_tft_invader,83,5000,0.2,0.9,1.0,3,3.3333333333333337e-06,0.99988375,0.00011625,0.0,1.0,0.0,0
single_tft_invader,84,5000,0.2,0.9,1.0,3,0.0,1.0,0.0,0.0,1.0,0.0,0
single_tft_invader,85,5000,0.2,0.9,1.0,3,0.0,1.0,0.0,0.0,1.0,0.0,0
single_tft_invader,86,5000,0.2,0.9,1.0,3,0.0,1.0,0.0,0.0,1.0,0.0,0
single_tft_invader,87,5000,0.2,0.9,1.0,3,0.0,1.0,0.0,0.0,1.0,0.0,0
single_tft_invader,88,5000,0.2,0.9,1.0,3,0.9913495833333333,0.00453625,0.99546375,1.0,0.0,1.0,1
single_tft_invader,89,5000,0.2,0.9,1.0,3,0.0,1.0,0.0,0.0,1.0,0.0,0
single_tft_invader,90,5000,0.2,0.9,1.0,3,0.9219283333333333,0.05225125,0.94774875,1.0,0.0,1.0,1
single_tft_invader,91,5000,0.2,0.9,1.0,3,0.0,1.0,0.0,0.0,1.0,0.0,0
single_tft_invader,92,5000,0.2,0.9,1.0,3,0.0,1.0,0.0,0.0,1.0,0.0,0
single_tft_invader,93,5000,0.2,0.9,1.0,3,0.0,1.0,0.0,0.0,1.0,0.0,0
single_tft_invader,94,5000,0.2,0.9,1.0,3,0.0,1.0,0.0,0.0,1.0,0.0,0
single_tft_invader,95,5000,0.2,0.9,1.0,3,0.0,1.0,0.0,0.0,1.0,0.0,0
single_tft_invader,96,5000,0.2,0.9,1.0,3,0.0,1.0,0.0,0.0,1.0,0.0,0
single_tft_invader,97,5000,0.2,0.9,1.0,3,9.041666666666668e-05,0.99718125,0.00281875,0.0,1.0,0.0,0
single_tft_invader,98,5000,0.2,0.9,1.0,3,0.94073625,0.0374325,0.9625675,1.0,0.0,1.0,1
single_tft_invader,99,5000,0.2,0.9,1.0,3,0.0,1.0,0.0,0.0,1.0,0.0,0
