mechanism,benefit_scale,cost_scale,seed,initial_mean_trait,final_mean_trait,trait_gain,final_std_trait,final_identity_count,emergence_success
indirect_reciprocity,0.8,0.1,0,0.11982660185613107,0.996210309129067,0.876383707272936,0.01343199999125378,1,1
indirect_reciprocity,0.8,0.1,1,0.11914007165541113,0.9970105304177524,0.8778704587623414,0.008501719828923436,1,1
indirect_reciprocity,0.8,0.1,2,0.11797424272741182,0.9945934665345256,0.8766192238071138,0.012460077963232867,1,1
indirect_reciprocity,0.8,0.1,3,0.12236215370906406,0.9965145910012012,0.8741524372921372,0.009631013653694653,1,1
indirect_reciprocity,0.8,0.1,4,0.12040570537335116,0.9948088400897692,0.8744031347164181,0.012466192894630024,1,1
indirect_reciprocity,0.8,0.1,5,0.11899369572264468,0.9938360746910284,0.8748423789683837,0.012030034961226791,1,1
indirect_reciprocity,0.8,0.1,6,0.11990100497716376,0.9977752319290758,0.8778742269519121,0.006440865394830967,2,1
indirect_reciprocity,0.8,0.1,7,0.1142221685091476,0.9964613889797967,0.8822392204706492,0.00914532098714778,1,1
indirect_reciprocity,0.8,0.2,0,0.11982660185613107,0.858706601570556,0.738879999714425,0.03645939530687295,1,1
indirect_reciprocity,0.8,0.2,1,0.11914007165541113,0.9960376496932588,0.8768975780378476,0.008946822604246863,1,1
indirect_reciprocity,0.8,0.2,2,0.11797424272741182,0.9904257990797368,0.872451556352325,0.01926266921526016,1,1
indirect_reciprocity,0.8,0.2,3,0.12236215370906406,0.9888884721329061,0.8665263184238421,0.020113001953325268,1,1
indirect_reciprocity,0.8,0.2,4,0.12040570537335116,0.9167205021550878,0.7963147967817367,0.029701273214347988,2,1
indirect_reciprocity,0.8,0.2,5,0.11899369572264468,0.8964570670909846,0.7774633713683399,0.046247314748853796,1,1
indirect_reciprocity,0.8,0.2,6,0.11990100497716376,0.9962328495467013,0.8763318445695376,0.009420023033792607,1,1
indirect_reciprocity,0.8,0.2,7,0.1142221685091476,0.9794297630191414,0.8652075945099938,0.024632646577440086,1,1
indirect_reciprocity,0.8,0.3,0,0.11982660185613107,0.6861113706782935,0.5662847688221625,0.03669247682188328,1,1
indirect_reciprocity,0.8,0.3,1,0.11914007165541113,0.9944954583214197,0.8753553866660087,0.010448744574226223,1,1
indirect_reciprocity,0.8,0.3,2,0.11797424272741182,0.9243168741220145,0.8063426313946026,0.03752827061352498,1,1
indirect_reciprocity,0.8,0.3,3,0.12236215370906406,0.8007150813550279,0.6783529276459639,0.03920734800433335,2,1
indirect_reciprocity,0.8,0.3,4,0.12040570537335116,0.8991113280594161,0.7787056226860649,0.030711841139357068,1,1
indirect_reciprocity,0.8,0.3,5,0.11899369572264468,0.840867327273989,0.7218736315513443,0.032180026308820504,1,1
indirect_reciprocity,0.8,0.3,6,0.11990100497716376,0.725912421790826,0.6060114168136623,0.04597983939132292,1,1
indirect_reciprocity,0.8,0.3,7,0.1142221685091476,0.8334812976068046,0.719259129097657,0.05603223443722913,1,1
indirect_reciprocity,1.0,0.1,0,0.11982660185613107,0.996066004426932,0.876239402570801,0.012854146223900388,1,1
indirect_reciprocity,1.0,0.1,1,0.11914007165541113,0.9975413979126309,0.8784013262572197,0.008588349958578722,1,1
indirect_reciprocity,1.0,0.1,2,0.11797424272741182,0.9976331487134765,0.8796589059860647,0.008529677739804408,1,1
indirect_reciprocity,1.0,0.1,3,0.12236215370906406,0.998264298490864,0.8759021447817998,0.0071708469189550005,1,1
indirect_reciprocity,1.0,0.1,4,0.12040570537335116,0.9973988467008302,0.8769931413274791,0.009203841137978216,1,1
indirect_reciprocity,1.0,0.1,5,0.11899369572264468,0.9977518013645965,0.8787581056419518,0.009212782720583249,1,1
indirect_reciprocity,1.0,0.1,6,0.11990100497716376,0.9989425988852132,0.8790415939080495,0.004757950220332979,1,1
indirect_reciprocity,1.0,0.1,7,0.1142221685091476,0.9971876115859302,0.8829654430767826,0.007985324421588285,1,1
indirect_reciprocity,1.0,0.2,0,0.11982660185613107,0.9395474539750032,0.8197208521188721,0.04728564778553843,1,1
indirect_reciprocity,1.0,0.2,1,0.11914007165541113,0.9965681136985237,0.8774280420431126,0.008798251022394961,1,1
indirect_reciprocity,1.0,0.2,2,0.11797424272741182,0.9954381348389428,0.877463892111531,0.012210013174904074,1,1
indirect_reciprocity,1.0,0.2,3,0.12236215370906406,0.99714909392819,0.874786940219126,0.008790205392921272,1,1
indirect_reciprocity,1.0,0.2,4,0.12040570537335116,0.9966642163551174,0.8762585109817662,0.010797094767158061,1,1
indirect_reciprocity,1.0,0.2,5,0.11899369572264468,0.9962561025805677,0.8772624068579231,0.009849956396838257,1,1
indirect_reciprocity,1.0,0.2,6,0.11990100497716376,0.9925072147776481,0.8726062098004844,0.013253735294754617,1,1
indirect_reciprocity,1.0,0.2,7,0.1142221685091476,0.9954916595951266,0.8812694910859791,0.009967596657169066,1,1
indirect_reciprocity,1.0,0.3,0,0.11982660185613107,0.8195800039319716,0.6997534020758406,0.042930596710321414,1,1
indirect_reciprocity,1.0,0.3,1,0.11914007165541113,0.9966276298096497,0.8774875581542385,0.009958003289876886,1,1
indirect_reciprocity,1.0,0.3,2,0.11797424272741182,0.9903941079013124,0.8724198651739006,0.01620941689942569,1,1
indirect_reciprocity,1.0,0.3,3,0.12236215370906406,0.9496344976077826,0.8272723438987186,0.02827929964944342,1,1
indirect_reciprocity,1.0,0.3,4,0.12040570537335116,0.9788462588371277,0.8584405534637766,0.020849455231686475,1,1
indirect_reciprocity,1.0,0.3,5,0.11899369572264468,0.9742174759559165,0.8552237802332718,0.028957085692870952,1,1
indirect_reciprocity,1.0,0.3,6,0.11990100497716376,0.9960979863183191,0.8761969813411554,0.008286639030520536,1,1
indirect_reciprocity,1.0,0.3,7,0.1142221685091476,0.9919391496935188,0.8777169811843712,0.013337026398710008,1,1
indirect_reciprocity,1.2,0.1,0,0.11982660185613107,0.9967322299333262,0.8769056280771952,0.011853030244534562,1,1
indirect_reciprocity,1.2,0.1,1,0.11914007165541113,0.9981877266323234,0.8790476549769122,0.006961728978829029,1,1
indirect_reciprocity,1.2,0.1,2,0.11797424272741182,0.9975628186414353,0.8795885759140234,0.008530267977710476,1,1
indirect_reciprocity,1.2,0.1,3,0.12236215370906406,0.9991563199903444,0.8767941662812804,0.004847320853889144,1,1
indirect_reciprocity,1.2,0.1,4,0.12040570537335116,0.9979949535720962,0.8775892481987451,0.008409181222156618,1,1
indirect_reciprocity,1.2,0.1,5,0.11899369572264468,0.9979664431904952,0.8789727474678506,0.007805862149744077,1,1
indirect_reciprocity,1.2,0.1,6,0.11990100497716376,0.9987001713739675,0.8787991663968038,0.00546162837632183,1,1
indirect_reciprocity,1.2,0.1,7,0.1142221685091476,0.9980683230178156,0.883846154508668,0.007418187801316024,1,1
indirect_reciprocity,1.2,0.2,0,0.11982660185613107,0.9963873455501369,0.8765607436940058,0.013352475385199574,1,1
indirect_reciprocity,1.2,0.2,1,0.11914007165541113,0.9976711429002335,0.8785310712448224,0.007992438274965766,1,1
indirect_reciprocity,1.2,0.2,2,0.11797424272741182,0.9962685318034958,0.878294289076084,0.010483920525315472,2,1
indirect_reciprocity,1.2,0.2,3,0.12236215370906406,0.9938681147950904,0.8715059610860263,0.010710952350234887,1,1
indirect_reciprocity,1.2,0.2,4,0.12040570537335116,0.9971266409090368,0.8767209355356856,0.009410313407947114,1,1
indirect_reciprocity,1.2,0.2,5,0.11899369572264468,0.995902282620507,0.8769085868978623,0.007501060714366962,1,1
indirect_reciprocity,1.2,0.2,6,0.11990100497716376,0.998571355816739,0.8786703508395752,0.006112934320908929,1,1
indirect_reciprocity,1.2,0.2,7,0.1142221685091476,0.9972793838670166,0.8830572153578691,0.00799561446127705,1,1
indirect_reciprocity,1.2,0.3,0,0.11982660185613107,0.9793618196912567,0.8595352178351257,0.022531325411755083,1,1
indirect_reciprocity,1.2,0.3,1,0.11914007165541113,0.997331355569751,0.87819128391434,0.008953774160848698,1,1
indirect_reciprocity,1.2,0.3,2,0.11797424272741182,0.9971261669269936,0.8791519241995818,0.010455171691343062,1,1
indirect_reciprocity,1.2,0.3,3,0.12236215370906406,0.9967966443837049,0.8744344906746409,0.008453945926549243,1,1
indirect_reciprocity,1.2,0.3,4,0.12040570537335116,0.9917364830796749,0.8713307777063237,0.012884917793017791,1,1
indirect_reciprocity,1.2,0.3,5,0.11899369572264468,0.9966443750304556,0.8776506793078109,0.009845036355351059,1,1
indirect_reciprocity,1.2,0.3,6,0.11990100497716376,0.9969014375979263,0.8770004326207625,0.007179486340140322,1,1
indirect_reciprocity,1.2,0.3,7,0.1142221685091476,0.9963162753030789,0.8820941067939313,0.009116143171406419,1,1
network_reciprocity,0.8,0.1,0,0.11982660185613107,0.5616984682729108,0.4418718664167797,0.0666144116733998,1,1
network_reciprocity,0.8,0.1,1,0.11914007165541113,0.3487760488114529,0.22963597715604178,0.05298011891539657,1,0
network_reciprocity,0.8,0.1,2,0.11797424272741182,0.33986648368420075,0.22189224095678894,0.06751668372434673,1,0
network_reciprocity,0.8,0.1,3,0.12236215370906406,0.3600537358912848,0.23769158218222075,0.07842871365386765,1,0
network_reciprocity,0.8,0.1,4,0.12040570537335116,0.3653905570901222,0.24498485171677103,0.09306584004128672,1,0
network_reciprocity,0.8,0.1,5,0.11899369572264468,0.3384584203989557,0.219464724676311,0.06648390986417228,1,0
network_reciprocity,0.8,0.1,6,0.11990100497716376,0.5677228174570301,0.44782181247986635,0.09037297284828658,1,1
network_reciprocity,0.8,0.1,7,0.1142221685091476,0.35416396445218634,0.23994179594303874,0.0666781881973011,1,0
network_reciprocity,0.8,0.2,0,0.11982660185613107,0.021113055924934558,-0.09871354593119652,0.029410906110231824,1,0
network_reciprocity,0.8,0.2,1,0.11914007165541113,0.04985828961176902,-0.0692817820436421,0.04982942188324821,1,0
network_reciprocity,0.8,0.2,2,0.11797424272741182,0.01808793084622267,-0.09988631188118915,0.039185544228983835,1,0
network_reciprocity,0.8,0.2,3,0.12236215370906406,0.017921425649827998,-0.10444072805923606,0.03097745917192959,1,0
network_reciprocity,0.8,0.2,4,0.12040570537335116,0.05796239535225492,-0.06244331002109624,0.057850067852490306,1,0
network_reciprocity,0.8,0.2,5,0.11899369572264468,0.04615813577748508,-0.0728355599451596,0.042888983146349036,1,0
network_reciprocity,0.8,0.2,6,0.11990100497716376,0.023078290517761255,-0.0968227144594025,0.030837268371228126,1,0
network_reciprocity,0.8,0.2,7,0.1142221685091476,0.030137754122107913,-0.08408441438703969,0.03851048260918885,1,0
network_reciprocity,0.8,0.3,0,0.11982660185613107,0.007998106702575941,-0.11182849515355513,0.018968010746441128,1,0
network_reciprocity,0.8,0.3,1,0.11914007165541113,0.008675850690895664,-0.11046422096451547,0.015612703593484715,1,0
network_reciprocity,0.8,0.3,2,0.11797424272741182,0.003676491447592774,-0.11429775127981905,0.012066733555438067,1,0
network_reciprocity,0.8,0.3,3,0.12236215370906406,0.01014005131514955,-0.1122221023939145,0.01965380380454622,1,0
network_reciprocity,0.8,0.3,4,0.12040570537335116,0.005883792322018611,-0.11452191305133255,0.014409240648373362,1,0
network_reciprocity,0.8,0.3,5,0.11899369572264468,0.00861645797914167,-0.11037723774350301,0.01803998651516245,1,0
network_reciprocity,0.8,0.3,6,0.11990100497716376,0.004722039008337851,-0.1151789659688259,0.013019860172108976,1,0
network_reciprocity,0.8,0.3,7,0.1142221685091476,0.008019974771296194,-0.1062021937378514,0.016396468426143743,1,0
network_reciprocity,1.0,0.1,0,0.11982660185613107,0.43578056855559283,0.31595396669946174,0.062122920548312685,1,0
network_reciprocity,1.0,0.1,1,0.11914007165541113,0.48929726180192545,0.3701571901465143,0.06049899165254397,1,0
network_reciprocity,1.0,0.1,2,0.11797424272741182,0.5123607899687826,0.39438654724137084,0.045775484791794725,1,1
network_reciprocity,1.0,0.1,3,0.12236215370906406,0.4113450682744928,0.28898291456542874,0.04808940229651143,1,0
network_reciprocity,1.0,0.1,4,0.12040570537335116,0.5443253636124058,0.42391965823905464,0.07401443502316592,1,1
network_reciprocity,1.0,0.1,5,0.11899369572264468,0.5298304554167905,0.41083675969414585,0.07519250837559673,1,1
network_reciprocity,1.0,0.1,6,0.11990100497716376,0.6190193277006857,0.4991183227235219,0.04584086585619014,1,1
network_reciprocity,1.0,0.1,7,0.1142221685091476,0.3127055985009265,0.1984834299917789,0.05837357191145865,1,0
network_reciprocity,1.0,0.2,0,0.11982660185613107,0.1687038022247678,0.04887720036863673,0.07859060203884258,1,0
network_reciprocity,1.0,0.2,1,0.11914007165541113,0.2237575190930352,0.10461744743762408,0.12954419573145348,1,0
network_reciprocity,1.0,0.2,2,0.11797424272741182,0.07951152574465967,-0.03846271698275215,0.05617026310422334,1,0
network_reciprocity,1.0,0.2,3,0.12236215370906406,0.07303337613897648,-0.04932877757008758,0.047622974096174296,1,0
network_reciprocity,1.0,0.2,4,0.12040570537335116,0.1623688091904556,0.04196310381710444,0.07110944485869863,1,0
network_reciprocity,1.0,0.2,5,0.11899369572264468,0.07127113347425501,-0.047722562248389666,0.05814019510929464,1,0
network_reciprocity,1.0,0.2,6,0.11990100497716376,0.18837407364232206,0.0684730686651583,0.11186584309583429,1,0
network_reciprocity,1.0,0.2,7,0.1142221685091476,0.12119515783886486,0.006972989329717266,0.08230806024679092,1,0
network_reciprocity,1.0,0.3,0,0.11982660185613107,0.01163488103858028,-0.1081917208175508,0.020194551620232492,1,0
network_reciprocity,1.0,0.3,1,0.11914007165541113,0.008581371786845511,-0.11055869986856562,0.014540976974503511,1,0
network_reciprocity,1.0,0.3,2,0.11797424272741182,0.007930506339667664,-0.11004373638774416,0.016581834845933466,1,0
network_reciprocity,1.0,0.3,3,0.12236215370906406,0.01786529785661887,-0.1044968558524452,0.025804694996119728,1,0
network_reciprocity,1.0,0.3,4,0.12040570537335116,0.004824926577074889,-0.11558077879627626,0.013311257472926724,1,0
network_reciprocity,1.0,0.3,5,0.11899369572264468,0.01004397628890056,-0.10894971943374412,0.019564891573821703,1,0
network_reciprocity,1.0,0.3,6,0.11990100497716376,0.0055146079833702155,-0.11438639699379355,0.015745910380191713,1,0
network_reciprocity,1.0,0.3,7,0.1142221685091476,0.019790631042696405,-0.0944315374664512,0.023768723455132326,1,0
network_reciprocity,1.2,0.1,0,0.11982660185613107,0.653625860632618,0.5337992587764869,0.07031146127974054,1,1
network_reciprocity,1.2,0.1,1,0.11914007165541113,0.5572119033922059,0.4380718317367948,0.061333633260048634,1,1
network_reciprocity,1.2,0.1,2,0.11797424272741182,0.6165579531347425,0.4985837104073307,0.06564200163240709,1,1
network_reciprocity,1.2,0.1,3,0.12236215370906406,0.6272046426914374,0.5048424889823733,0.05155289355510818,1,1
network_reciprocity,1.2,0.1,4,0.12040570537335116,0.574905481455984,0.4544997760826328,0.09165131335829885,1,1
network_reciprocity,1.2,0.1,5,0.11899369572264468,0.5805136957186898,0.46151999999604515,0.04827590941466223,1,1
network_reciprocity,1.2,0.1,6,0.11990100497716376,0.5944857484174304,0.47458474344026663,0.07390211343321507,1,1
network_reciprocity,1.2,0.1,7,0.1142221685091476,0.6902615042242246,0.576039335715077,0.06492868662353658,1,1
network_reciprocity,1.2,0.2,0,0.11982660185613107,0.2435744337230758,0.12374783186694473,0.050509150885077105,1,0
network_reciprocity,1.2,0.2,1,0.11914007165541113,0.34721442824018894,0.22807435658477782,0.06386340061953666,1,0
network_reciprocity,1.2,0.2,2,0.11797424272741182,0.2352748350551579,0.11730059232774608,0.05722522266777656,1,0
network_reciprocity,1.2,0.2,3,0.12236215370906406,0.2517331507230276,0.12937099701396354,0.09246664274070937,1,0
network_reciprocity,1.2,0.2,4,0.12040570537335116,0.25261817829594524,0.13221247292259408,0.06507683961090491,1,0
network_reciprocity,1.2,0.2,5,0.11899369572264468,0.31147200180530166,0.19247830608265698,0.07734041447177482,1,0
network_reciprocity,1.2,0.2,6,0.11990100497716376,0.4234861952746428,0.30358519029747905,0.08138213765492817,1,0
network_reciprocity,1.2,0.2,7,0.1142221685091476,0.24052788581977025,0.12630571731062265,0.06897374688597467,1,0
network_reciprocity,1.2,0.3,0,0.11982660185613107,0.014273323341174819,-0.10555327851495626,0.028190352925593576,1,0
network_reciprocity,1.2,0.3,1,0.11914007165541113,0.019190152864764592,-0.09994991879064653,0.028301560984648522,1,0
network_reciprocity,1.2,0.3,2,0.11797424272741182,0.013314562291769328,-0.10465968043564249,0.020383858523598787,1,0
network_reciprocity,1.2,0.3,3,0.12236215370906406,0.013805370067997876,-0.10855678364106619,0.0219020834722008,1,0
network_reciprocity,1.2,0.3,4,0.12040570537335116,0.015077105805622474,-0.10532859956772868,0.023628476931906117,1,0
network_reciprocity,1.2,0.3,5,0.11899369572264468,0.016439181402720746,-0.10255451431992393,0.028813081708621624,1,0
network_reciprocity,1.2,0.3,6,0.11990100497716376,0.02345288799921002,-0.09644811697795375,0.04333110389583302,1,0
network_reciprocity,1.2,0.3,7,0.1142221685091476,0.016961584533624716,-0.09726058397552288,0.025226219319700635,1,0
group_selection,0.8,0.1,0,0.11982660185613107,0.3975654537699216,0.2777388519137905,0.0697108026716226,2,0
group_selection,0.8,0.1,1,0.11914007165541113,0.5337287329065413,0.4145886612511302,0.09181856451800682,2,1
group_selection,0.8,0.1,2,0.11797424272741182,0.36137328096584376,0.24339903823843195,0.06087673633535279,5,0
group_selection,0.8,0.1,3,0.12236215370906406,0.5239016862529774,0.40153953254391334,0.06385659771271182,2,1
group_selection,0.8,0.1,4,0.12040570537335116,0.620005121762826,0.4995994163894748,0.06612316984336478,1,1
group_selection,0.8,0.1,5,0.11899369572264468,0.3711901022179907,0.252196406495346,0.046239930748237526,3,0
group_selection,0.8,0.1,6,0.11990100497716376,0.41673521942412406,0.2968342144469603,0.05197357743420591,2,0
group_selection,0.8,0.1,7,0.1142221685091476,0.5751331492018825,0.46091098069273495,0.062286236046874194,1,1
group_selection,0.8,0.2,0,0.11982660185613107,0.04125012900406512,-0.07857647285206595,0.04061903167577592,4,0
group_selection,0.8,0.2,1,0.11914007165541113,0.07703087066654596,-0.04210920098886517,0.048288819041304526,5,0
group_selection,0.8,0.2,2,0.11797424272741182,0.04360783509826421,-0.07436640762914762,0.04787780734406931,5,0
group_selection,0.8,0.2,3,0.12236215370906406,0.060295556991199595,-0.062066596717864464,0.060461373644570236,7,0
group_selection,0.8,0.2,4,0.12040570537335116,0.059746314732676664,-0.06065939064067449,0.059313554501043954,7,0
group_selection,0.8,0.2,5,0.11899369572264468,0.04690272206603755,-0.07209097365660713,0.036333480442480415,5,0
group_selection,0.8,0.2,6,0.11990100497716376,0.04836057928025577,-0.071540425696908,0.036032743403488735,5,0
group_selection,0.8,0.2,7,0.1142221685091476,0.02726312356796017,-0.08695904494118743,0.03338633156964808,8,0
group_selection,0.8,0.3,0,0.11982660185613107,0.018230990829759354,-0.10159561102637171,0.02336858312473883,5,0
group_selection,0.8,0.3,1,0.11914007165541113,0.011481519309705137,-0.107658552345706,0.020823576170741168,5,0
group_selection,0.8,0.3,2,0.11797424272741182,0.011790679739018834,-0.10618356298839299,0.02395026066138387,5,0
group_selection,0.8,0.3,3,0.12236215370906406,0.0077215341832048805,-0.11464061952585917,0.01747452138298239,4,0
group_selection,0.8,0.3,4,0.12040570537335116,0.01205797860049964,-0.10834772677285151,0.019383206595090657,4,0
group_selection,0.8,0.3,5,0.11899369572264468,0.00941173301163736,-0.10958196271100731,0.01812366286123155,7,0
group_selection,0.8,0.3,6,0.11990100497716376,0.011766049529959122,-0.10813495544720464,0.01887408059829518,4,0
group_selection,0.8,0.3,7,0.1142221685091476,0.012107786604501706,-0.10211438190464589,0.018780694379777366,4,0
group_selection,1.0,0.1,0,0.11982660185613107,0.5029775966373639,0.38315099478123277,0.09026820189076334,2,1
group_selection,1.0,0.1,1,0.11914007165541113,0.5392050945290607,0.4200650228736496,0.06741657064179589,2,1
group_selection,1.0,0.1,2,0.11797424272741182,0.4747707390355964,0.3567964963081846,0.06647698815489814,1,0
group_selection,1.0,0.1,3,0.12236215370906406,0.5782294674454259,0.45586731373636186,0.053988445060870464,1,1
group_selection,1.0,0.1,4,0.12040570537335116,0.7271985450319365,0.6067928396585853,0.04317583183700187,1,1
group_selection,1.0,0.1,5,0.11899369572264468,0.49614767657729497,0.3771539808546503,0.059741378536072566,2,0
group_selection,1.0,0.1,6,0.11990100497716376,0.5425685998187315,0.42266759484156774,0.04304946598166761,1,1
group_selection,1.0,0.1,7,0.1142221685091476,0.4694665284873958,0.3552443599782482,0.06730812562585747,1,0
group_selection,1.0,0.2,0,0.11982660185613107,0.2114702717956038,0.09164366993947272,0.09579754386611945,6,0
group_selection,1.0,0.2,1,0.11914007165541113,0.18068150607830077,0.061541434422889646,0.0640553137040382,6,0
group_selection,1.0,0.2,2,0.11797424272741182,0.1144346576379106,-0.0035395850895012237,0.07537279317703652,6,0
group_selection,1.0,0.2,3,0.12236215370906406,0.1946216988274031,0.07225954511833904,0.07698601841606344,5,0
group_selection,1.0,0.2,4,0.12040570537335116,0.22748318685208632,0.10707748147873516,0.07788049523461683,6,0
group_selection,1.0,0.2,5,0.11899369572264468,0.09531848469723955,-0.023675211025405124,0.06583315071919249,3,0
group_selection,1.0,0.2,6,0.11990100497716376,0.15731360080777868,0.03741259583061492,0.0812308343745076,5,0
group_selection,1.0,0.2,7,0.1142221685091476,0.17129584845460186,0.05707367994545426,0.06366549616774443,6,0
group_selection,1.0,0.3,0,0.11982660185613107,0.01819514396885842,-0.10163145788727265,0.031050391968937014,3,0
group_selection,1.0,0.3,1,0.11914007165541113,0.02355231701207916,-0.09558775464333197,0.028766205789204462,3,0
group_selection,1.0,0.3,2,0.11797424272741182,0.013957498121760028,-0.10401674460565179,0.024788364308392957,5,0
group_selection,1.0,0.3,3,0.12236215370906406,0.009895902077543256,-0.1124662516315208,0.01994461227204422,6,0
group_selection,1.0,0.3,4,0.12040570537335116,0.013467814158825456,-0.1069378912145257,0.020015306013050436,4,0
group_selection,1.0,0.3,5,0.11899369572264468,0.00939278790055939,-0.10960090782208529,0.02161780567909785,4,0
group_selection,1.0,0.3,6,0.11990100497716376,0.015349924018436076,-0.10455108095872769,0.027791477241276168,5,0
group_selection,1.0,0.3,7,0.1142221685091476,0.007793444585176666,-0.10642872392397093,0.013055512670645511,6,0
group_selection,1.2,0.1,0,0.11982660185613107,0.6301911462681348,0.5103645444120037,0.07147603120831916,1,1
group_selection,1.2,0.1,1,0.11914007165541113,0.5283767194382365,0.40923664778282537,0.040096396326661565,1,1
group_selection,1.2,0.1,2,0.11797424272741182,0.5889487018611532,0.4709744591337414,0.05718563524860666,1,1
group_selection,1.2,0.1,3,0.12236215370906406,0.6149513853585256,0.4925892316494615,0.039433373260140195,1,1
group_selection,1.2,0.1,4,0.12040570537335116,0.6651272230961065,0.5447215177227553,0.05183378462382589,1,1
group_selection,1.2,0.1,5,0.11899369572264468,0.5583860245736189,0.4393923288509742,0.05992736091662791,2,1
group_selection,1.2,0.1,6,0.11990100497716376,0.6772454589596602,0.5573444539824964,0.04383222328409557,1,1
group_selection,1.2,0.1,7,0.1142221685091476,0.865254065303164,0.7510318967940164,0.06056670704902287,1,1
group_selection,1.2,0.2,0,0.11982660185613107,0.38438230923130096,0.26455570737516987,0.07114359119555672,2,0
group_selection,1.2,0.2,1,0.11914007165541113,0.35027359457819557,0.23113352292278444,0.06599512585709122,4,0
group_selection,1.2,0.2,2,0.11797424272741182,0.28815917516384004,0.17018493243642824,0.07391333592302712,3,0
group_selection,1.2,0.2,3,0.12236215370906406,0.42507482484985876,0.3027126711407947,0.07417648694720165,2,0
group_selection,1.2,0.2,4,0.12040570537335116,0.374699422958119,0.2542937175847678,0.06363953175913009,3,0
group_selection,1.2,0.2,5,0.11899369572264468,0.405834529302722,0.28684083358007734,0.09816918163697315,1,0
group_selection,1.2,0.2,6,0.11990100497716376,0.31319797046184117,0.1932969654846774,0.06696721090648128,4,0
group_selection,1.2,0.2,7,0.1142221685091476,0.29586240971904587,0.18164024120989827,0.05863036465672106,3,0
group_selection,1.2,0.3,0,0.11982660185613107,0.053324383851572454,-0.06650221800455862,0.04229443989332983,5,0
group_selection,1.2,0.3,1,0.11914007165541113,0.02529062727093975,-0.09384944438447138,0.03527152113429583,7,0
group_selection,1.2,0.3,2,0.11797424272741182,0.025718833168446077,-0.09225540955896575,0.03791323541888559,6,0
group_selection,1.2,0.3,3,0.12236215370906406,0.07215134815133482,-0.050210805557729235,0.0999072930018672,6,0
group_selection,1.2,0.3,4,0.12040570537335116,0.05023124349683189,-0.07017446187651927,0.040292790205465785,5,0
group_selection,1.2,0.3,5,0.11899369572264468,0.02452241069114397,-0.0944712850315007,0.03326458869517849,4,0
group_selection,1.2,0.3,6,0.11990100497716376,0.02418375307847475,-0.09571725189868902,0.030371635250181366,4,0
group_selection,1.2,0.3,7,0.1142221685091476,0.03905149132381845,-0.07517067718532915,0.03910776172946105,4,0
kin_selection,0.8,0.1,0,0.11982660185613107,0.49211990676929734,0.37229330491316626,0.0426770098268568,2,0
kin_selection,0.8,0.1,1,0.11914007165541113,0.4936519600552037,0.37451188839979255,0.05257821564114798,1,0
kin_selection,0.8,0.1,2,0.11797424272741182,0.6677682710187892,0.5497940282913774,0.1033369416165818,1,1
kin_selection,0.8,0.1,3,0.12236215370906406,0.543409985973542,0.4210478322644779,0.051377771751790445,1,1
kin_selection,0.8,0.1,4,0.12040570537335116,0.6471127420175308,0.5267070366441796,0.04738662757532027,2,1
kin_selection,0.8,0.1,5,0.11899369572264468,0.42824036659173853,0.30924667086909385,0.07418411068474624,1,0
kin_selection,0.8,0.1,6,0.11990100497716376,0.48956180835464913,0.36966080337748536,0.0483568016078704,1,0
kin_selection,0.8,0.1,7,0.1142221685091476,0.524707746015352,0.4104855775062044,0.06863707972629719,1,1
kin_selection,0.8,0.2,0,0.11982660185613107,0.30508391407416546,0.18525731221803438,0.07325407780582265,1,0
kin_selection,0.8,0.2,1,0.11914007165541113,0.468457663880351,0.34931759222493985,0.06395275111224316,2,0
kin_selection,0.8,0.2,2,0.11797424272741182,0.2604398013305682,0.1424655586031564,0.09110101295691178,1,0
kin_selection,0.8,0.2,3,0.12236215370906406,0.22118772415093438,0.09882557044187032,0.07821545795187561,1,0
kin_selection,0.8,0.2,4,0.12040570537335116,0.2804974448643402,0.16009173949098904,0.08070751248452977,1,0
kin_selection,0.8,0.2,5,0.11899369572264468,0.2740314706857929,0.15503777496314824,0.05501716150367399,1,0
kin_selection,0.8,0.2,6,0.11990100497716376,0.4493795742907505,0.3294785693135867,0.04166483896928401,2,0
kin_selection,0.8,0.2,7,0.1142221685091476,0.25988481615188735,0.14566264764273976,0.08419984050467737,1,0
kin_selection,0.8,0.3,0,0.11982660185613107,0.1782799189665491,0.05845331711041803,0.07478051876214191,2,0
kin_selection,0.8,0.3,1,0.11914007165541113,0.16162176466923261,0.04248169301382149,0.06409593344623384,1,0
kin_selection,0.8,0.3,2,0.11797424272741182,0.06310383096135992,-0.054870411766051896,0.05352003271669984,2,0
kin_selection,0.8,0.3,3,0.12236215370906406,0.09854586565427821,-0.023816288054785847,0.05032276413476662,1,0
kin_selection,0.8,0.3,4,0.12040570537335116,0.18205384645061595,0.061648141077264795,0.05679360624631018,2,0
kin_selection,0.8,0.3,5,0.11899369572264468,0.0417777714089295,-0.07721592431371518,0.03022756862678495,1,0
kin_selection,0.8,0.3,6,0.11990100497716376,0.18508938658763266,0.0651883816104689,0.08435041268490139,2,0
kin_selection,0.8,0.3,7,0.1142221685091476,0.28709868915534703,0.17287652064619943,0.07276779702239534,2,0
kin_selection,1.0,0.1,0,0.11982660185613107,0.6006670056958747,0.48084040383974364,0.07020047254428179,1,1
kin_selection,1.0,0.1,1,0.11914007165541113,0.6001416727875277,0.4810016011321166,0.052775982569517224,1,1
kin_selection,1.0,0.1,2,0.11797424272741182,0.6796273389961205,0.5616530962687086,0.06309519256818047,1,1
kin_selection,1.0,0.1,3,0.12236215370906406,0.7436860785521604,0.6213239248430964,0.053023233395129474,1,1
kin_selection,1.0,0.1,4,0.12040570537335116,0.6135594928958972,0.493153787522546,0.05677311096769201,2,1
kin_selection,1.0,0.1,5,0.11899369572264468,0.6921179402197404,0.5731242444970956,0.07334200075166186,2,1
kin_selection,1.0,0.1,6,0.11990100497716376,0.5861026077665166,0.4662016027893528,0.08059275382729009,1,1
kin_selection,1.0,0.1,7,0.1142221685091476,0.6149892932034283,0.5007671246942808,0.06111832669164375,1,1
kin_selection,1.0,0.2,0,0.11982660185613107,0.3991103385440258,0.2792837366878947,0.057246568703541195,2,0
kin_selection,1.0,0.2,1,0.11914007165541113,0.5613450252398977,0.4422049535844866,0.07665677888723176,2,1
kin_selection,1.0,0.2,2,0.11797424272741182,0.48282339734874946,0.36484915462133766,0.05048415895017516,2,0
kin_selection,1.0,0.2,3,0.12236215370906406,0.4096328440420252,0.28727069033296115,0.06555602363225561,1,0
kin_selection,1.0,0.2,4,0.12040570537335116,0.41111357202745097,0.2907078666540998,0.08791518430022181,1,0
kin_selection,1.0,0.2,5,0.11899369572264468,0.4793246327205447,0.36033093699790003,0.06813218885930872,1,0
kin_selection,1.0,0.2,6,0.11990100497716376,0.2705805063533359,0.15067950137617214,0.09850049239990231,1,0
kin_selection,1.0,0.2,7,0.1142221685091476,0.32500268310180425,0.21078051459265665,0.09678674760256353,1,0
kin_selection,1.0,0.3,0,0.11982660185613107,0.3419901703650751,0.22216356850894403,0.09863910084146198,2,0
kin_selection,1.0,0.3,1,0.11914007165541113,0.182077443001524,0.06293737134611288,0.061676857020078864,1,0
kin_selection,1.0,0.3,2,0.11797424272741182,0.2551952513288487,0.13722100860143688,0.08303323862909626,2,0
kin_selection,1.0,0.3,3,0.12236215370906406,0.121056495441839,-0.0013056582672250627,0.07688354785006862,1,0
kin_selection,1.0,0.3,4,0.12040570537335116,0.2933797058330665,0.17297400045971534,0.05368447506320845,3,0
kin_selection,1.0,0.3,5,0.11899369572264468,0.3277690901160129,0.20877539439336823,0.05384043166882403,3,0
kin_selection,1.0,0.3,6,0.11990100497716376,0.254877226425786,0.1349762214486222,0.1183612562990993,2,0
kin_selection,1.0,0.3,7,0.1142221685091476,0.17685593555232101,0.06263376704317342,0.06281719673794492,1,0
kin_selection,1.2,0.1,0,0.11982660185613107,0.7347482281647997,0.6149216263086686,0.07920538582862093,1,1
kin_selection,1.2,0.1,1,0.11914007165541113,0.8325596096588439,0.7134195380034327,0.050390981465079136,1,1
kin_selection,1.2,0.1,2,0.11797424272741182,0.6145247187771923,0.4965504760497805,0.0529048923927985,1,1
kin_selection,1.2,0.1,3,0.12236215370906406,0.6570371774660182,0.5346750237569542,0.05790645934772202,1,1
kin_selection,1.2,0.1,4,0.12040570537335116,0.70940766970919,0.5890019643358388,0.05353540418009895,1,1
kin_selection,1.2,0.1,5,0.11899369572264468,0.7898035972510579,0.6708099015284132,0.052191361019116624,1,1
kin_selection,1.2,0.1,6,0.11990100497716376,0.8816839111671535,0.7617829061899898,0.0780080605180134,1,1
kin_selection,1.2,0.1,7,0.1142221685091476,0.8019858799208942,0.6877637114117466,0.05606868014894072,1,1
kin_selection,1.2,0.2,0,0.11982660185613107,0.49591728087029296,0.3760906790141619,0.06061718856359519,1,0
kin_selection,1.2,0.2,1,0.11914007165541113,0.6233050812697432,0.504165009614332,0.07134532935098378,1,1
kin_selection,1.2,0.2,2,0.11797424272741182,0.527167744461651,0.40919350173423924,0.05576285653610266,1,1
kin_selection,1.2,0.2,3,0.12236215370906406,0.45728606157309176,0.3349239078640277,0.0605161732525802,1,0
kin_selection,1.2,0.2,4,0.12040570537335116,0.5137210026482015,0.3933152972748504,0.06051976851508292,1,1
kin_selection,1.2,0.2,5,0.11899369572264468,0.39553670032294835,0.2765430046003037,0.0770984937451786,1,0
kin_selection,1.2,0.2,6,0.11990100497716376,0.7267660481792834,0.6068650432021196,0.10124517581093735,2,1
kin_selection,1.2,0.2,7,0.1142221685091476,0.5476009892169478,0.4333788207078002,0.05051423394064824,2,1
kin_selection,1.2,0.3,0,0.11982660185613107,0.37189371154566664,0.25206710968953555,0.08169350179441695,2,0
kin_selection,1.2,0.3,1,0.11914007165541113,0.40483001223230836,0.28568994057689723,0.0694559805721955,2,0
kin_selection,1.2,0.3,2,0.11797424272741182,0.4042181810180383,0.2862439382906265,0.056607440265819216,2,0
kin_selection,1.2,0.3,3,0.12236215370906406,0.10049771665954553,-0.02186443704951853,0.05833172842370205,1,0
kin_selection,1.2,0.3,4,0.12040570537335116,0.3594237467427768,0.23901804136942562,0.05813271430366581,2,0
kin_selection,1.2,0.3,5,0.11899369572264468,0.332891684133441,0.21389798841079632,0.053392543574786525,2,0
kin_selection,1.2,0.3,6,0.11990100497716376,0.05602330663015288,-0.06387769834701088,0.04639736735957405,1,0
kin_selection,1.2,0.3,7,0.1142221685091476,0.2909099517211585,0.17668778321201092,0.06647244088292537,1,0
